{"skeleton":{"hash":"mbA5D4Ib4kNn8F3+63ahzKDapfs","spine":"3.8.99","x":-45.93,"y":-25.44,"width":90.05,"height":89.41,"images":"","audio":""},"bones":[{"name":"root"},{"name":"tu/a14","parent":"root","rotation":137.34,"x":0.31,"y":15.86},{"name":"tu/a13","parent":"tu/a14","x":-12.44,"y":-0.71},{"name":"tu/a16","parent":"tu/a14","x":12.73,"y":0.15}],"slots":[{"name":"tu/a12","bone":"tu/a14","attachment":"tu/a12"},{"name":"tu/a13","bone":"tu/a13"},{"name":"tu/a14","bone":"tu/a16"}],"skins":[{"name":"default","attachments":{"tu/a12":{"tu/a12":{"x":3.2,"y":-1.68,"rotation":-90,"width":58,"height":69}},"tu/a13":{"tu/a13":{"x":1.93,"y":-1.59,"width":41,"height":58}},"tu/a14":{"tu/a14":{"x":1.79,"y":-2.43,"width":44,"height":56}}}}],"animations":{"daiji":{},"daiji2":{"slots":{"tu/a12":{"attachment":[{"name":null}]},"tu/a13":{"attachment":[{"name":"tu/a13"}]},"tu/a14":{"attachment":[{"name":"tu/a14"}]}}},"dao":{"slots":{"tu/a12":{"attachment":[{"name":null}]},"tu/a13":{"color":[{"time":0.9,"color":"ffffffff"},{"time":1.2333,"color":"ffffff00"}],"attachment":[{"name":"tu/a13"}]},"tu/a14":{"color":[{"time":0.9,"color":"ffffffff"},{"time":1.2333,"color":"ffffff00"}],"attachment":[{"name":"tu/a14"}]}},"bones":{"tu/a13":{"rotate":[{"curve":0.25,"c3":0.75},{"time":0.3333,"angle":24.49}],"translate":[{"curve":0.25,"c3":0.75},{"time":0.3333,"x":-12.49,"y":-7.9}]},"tu/a16":{"rotate":[{"curve":0.25,"c3":0.75},{"time":0.3333,"angle":-10.62,"curve":0.25,"c3":0.75},{"time":0.7333,"angle":-5.74}],"translate":[{"curve":0.25,"c3":0.75},{"time":0.3333,"x":1.17,"y":-3.24,"curve":0.25,"c3":0.75},{"time":0.7333,"x":0.91,"y":-1.72}]},"tu/a14":{"rotate":[{"curve":0.25,"c3":0.75},{"time":0.4333,"angle":39.13}],"translate":[{"time":0.1667},{"time":0.4333,"y":46.17},{"time":0.8667,"y":42.17},{"time":1.2333,"x":-2.49,"y":62.76}]}}}}}