{
"skeleton": {
	"hash": "J/ygZwOL1kR5jGUf7aqchMvC70E",
	"spine": "3.8.99",
	"x": -278.14,
	"y": -146.54,
	"width": 424.5,
	"height": 507.71,
	"images": "",
	"audio": ""
},
"bones": [
	{ "name": "root" },
	{ "name": "bone", "parent": "root", "x": -11.59, "y": 111.17 },
	{
		"name": "tu/tongyong-jinbi",
		"parent": "bone",
		"length": 29,
		"rotation": 91.06,
		"x": 25.28,
		"y": -102.43,
		"transform": "noScale"
	},
	{
		"name": "tu/tongyong-jinbi4",
		"parent": "bone",
		"length": 29,
		"rotation": 91.06,
		"x": -0.06,
		"y": -97.94,
		"transform": "noScale"
	},
	{
		"name": "tu/tongyong-jinbi6",
		"parent": "bone",
		"length": 29,
		"rotation": 91.06,
		"x": 12.39,
		"y": -130.18,
		"transform": "noScale"
	},
	{
		"name": "tu/tongyong-jinbi8",
		"parent": "bone",
		"length": 29,
		"rotation": 91.06,
		"x": -7.09,
		"y": -112.72,
		"transform": "noScale"
	},
	{
		"name": "tu/tongyong-jinbi10",
		"parent": "bone",
		"length": 29,
		"rotation": 91.06,
		"x": -1.08,
		"y": -126.14,
		"transform": "noScale"
	},
	{
		"name": "tu/tongyong-jinbi12",
		"parent": "bone",
		"length": 29,
		"rotation": 91.06,
		"x": 28.13,
		"y": -114.46,
		"transform": "noScale"
	},
	{
		"name": "tu/tongyong-jinbi14",
		"parent": "bone",
		"length": 29,
		"rotation": 91.06,
		"x": 23.1,
		"y": -126.93,
		"transform": "noScale"
	},
	{
		"name": "tu/tongyong-jinbi16",
		"parent": "bone",
		"length": 29,
		"rotation": 91.06,
		"x": 12.21,
		"y": -95.26,
		"transform": "noScale"
	},
	{
		"name": "tu/tongyong-jinbi17",
		"parent": "bone",
		"length": 53.8,
		"x": -235.56,
		"y": 224.42,
		"scaleX": 0.7498,
		"scaleY": 0.7498
	},
	{
		"name": "tu/a1/a1_00000",
		"parent": "root",
		"length": 32.87,
		"rotation": 134.12,
		"x": -10.9,
		"y": 18.6,
		"scaleX": 2.2041,
		"scaleY": 2.2041
	},
	{
		"name": "tu/a6",
		"parent": "root",
		"length": 15.5,
		"rotation": 35.31,
		"x": -19.18,
		"y": 125.63,
		"scaleX": 1.4607,
		"scaleY": 1.4607
	},
	{
		"name": "tu/a7",
		"parent": "root",
		"length": 15.5,
		"rotation": 35.31,
		"x": -153.6,
		"y": 202.24,
		"scaleX": 1.4607,
		"scaleY": 1.4607
	},
	{
		"name": "tu/a8",
		"parent": "root",
		"length": 15.5,
		"rotation": 35.31,
		"x": -204.9,
		"y": 328.81,
		"scaleX": 0.9638,
		"scaleY": 0.9638
	},
	{
		"name": "tu/a9",
		"parent": "root",
		"length": 15.5,
		"rotation": 35.31,
		"x": -96.44,
		"y": 180.18,
		"scaleX": 1.4607,
		"scaleY": 1.4607
	},
	{
		"name": "tu/a10",
		"parent": "root",
		"length": 15.5,
		"rotation": 35.31,
		"x": -216.58,
		"y": 239.02,
		"scaleX": 0.7134,
		"scaleY": 0.7134
	},
	{
		"name": "tu/a11",
		"parent": "root",
		"length": 15.5,
		"rotation": 35.31,
		"x": -86.89,
		"y": 268.66,
		"scaleX": 1.4607,
		"scaleY": 1.4607
	},
	{
		"name": "tu/a12",
		"parent": "root",
		"length": 15.5,
		"rotation": 35.31,
		"x": -3.1,
		"y": 172.35,
		"scaleX": 1.4607,
		"scaleY": 1.4607
	},
	{
		"name": "tu/a13",
		"parent": "root",
		"length": 15.5,
		"rotation": 35.31,
		"x": -96.38,
		"y": 71.77,
		"scaleX": 0.5247,
		"scaleY": 0.5247
	}
],
"slots": [
	{ "name": "tu/a1/a1_00000", "bone": "tu/a1/a1_00000", "attachment": "tu/a1/a1_00001" },
	{ "name": "tu/tongyong-jinbi", "bone": "tu/tongyong-jinbi", "attachment": "tu/z1" },
	{ "name": "tu/tongyong-jinbi3", "bone": "tu/tongyong-jinbi6", "attachment": "tu/z1" },
	{ "name": "tu/tongyong-jinbi6", "bone": "tu/tongyong-jinbi12", "attachment": "tu/z1" },
	{ "name": "tu/tongyong-jinbi7", "bone": "tu/tongyong-jinbi14", "attachment": "tu/z1" },
	{ "name": "tu/tongyong-jinbi5", "bone": "tu/tongyong-jinbi10", "attachment": "tu/z1" },
	{ "name": "tu/tongyong-jinbi8", "bone": "tu/tongyong-jinbi16", "attachment": "tu/z1" },
	{ "name": "tu/tongyong-jinbi4", "bone": "tu/tongyong-jinbi8", "attachment": "tu/z1" },
	{ "name": "tu/tongyong-jinbi2", "bone": "tu/tongyong-jinbi4", "attachment": "tu/z1" },
	{ "name": "tu/tongyong-jinbi9", "bone": "tu/tongyong-jinbi17", "attachment": "tu/z1" },
	{ "name": "tu/a6", "bone": "tu/a6", "color": "ffffffd2", "attachment": "tu/a1" },
	{ "name": "tu/a7", "bone": "tu/a7", "color": "ffffffd2", "attachment": "tu/a1" },
	{ "name": "tu/a9", "bone": "tu/a9", "color": "ffffffd2", "attachment": "tu/a1" },
	{ "name": "tu/a11", "bone": "tu/a11", "color": "ffffffd2", "attachment": "tu/a1" },
	{ "name": "tu/a12", "bone": "tu/a12", "color": "ffffffd2", "attachment": "tu/a1" },
	{ "name": "tu/a13", "bone": "tu/a13", "color": "ffffffd2", "attachment": "tu/a1" },
	{ "name": "tu/a10", "bone": "tu/a10", "color": "ffffffd2", "attachment": "tu/a1" },
	{ "name": "tu/a8", "bone": "tu/a8", "color": "ffffffd2", "attachment": "tu/a1" }
],
"skins": [
	{
		"name": "default",
		"attachments": {
			"tu/a1/a1_00000": {
				"tu/a1/a1_00000": { "x": 2.59, "y": 2.57, "rotation": -134.12, "width": 150, "height": 150 },
				"tu/a1/a1_00001": { "x": 2.59, "y": 2.57, "rotation": -134.12, "width": 150, "height": 150 },
				"tu/a1/a1_00002": { "x": 2.59, "y": 2.57, "rotation": -134.12, "width": 150, "height": 150 },
				"tu/a1/a1_00003": { "x": 2.59, "y": 2.57, "rotation": -134.12, "width": 150, "height": 150 },
				"tu/a1/a1_00004": { "x": 2.59, "y": 2.57, "rotation": -134.12, "width": 150, "height": 150 },
				"tu/a1/a1_00005": { "x": 2.59, "y": 2.57, "rotation": -134.12, "width": 150, "height": 150 },
				"tu/a1/a1_00006": { "x": 2.59, "y": 2.57, "rotation": -134.12, "width": 150, "height": 150 },
				"tu/a1/a1_00007": { "x": 2.59, "y": 2.57, "rotation": -134.12, "width": 150, "height": 150 },
				"tu/a1/a1_00008": { "x": 2.59, "y": 2.57, "rotation": -134.12, "width": 150, "height": 150 },
				"tu/a1/a1_00009": { "x": 2.59, "y": 2.57, "rotation": -134.12, "width": 150, "height": 150 },
				"tu/a1/a1_00010": { "x": 2.59, "y": 2.57, "rotation": -134.12, "width": 150, "height": 150 },
				"tu/a1/a1_00011": { "x": 2.59, "y": 2.57, "rotation": -134.12, "width": 150, "height": 150 },
				"tu/a1/a1_00012": { "x": 2.59, "y": 2.57, "rotation": -134.12, "width": 150, "height": 150 },
				"tu/a1/a1_00013": { "x": 2.59, "y": 2.57, "rotation": -134.12, "width": 150, "height": 150 },
				"tu/a1/a1_00014": { "x": 2.59, "y": 2.57, "rotation": -134.12, "width": 150, "height": 150 },
				"tu/a1/a1_00015": { "x": 2.59, "y": 2.57, "rotation": -134.12, "width": 150, "height": 150 },
				"tu/a1/a1_00016": { "x": 2.59, "y": 2.57, "rotation": -134.12, "width": 150, "height": 150 },
				"tu/a1/a1_00017": { "x": 2.59, "y": 2.57, "rotation": -134.12, "width": 150, "height": 150 },
				"tu/a1/a1_00018": { "x": 2.59, "y": 2.57, "rotation": -134.12, "width": 150, "height": 150 },
				"tu/a1/a1_00019": { "x": 2.59, "y": 2.57, "rotation": -134.12, "width": 150, "height": 150 },
				"tu/a1/a1_00020": { "x": 2.59, "y": 2.57, "rotation": -134.12, "width": 150, "height": 150 },
				"tu/a1/a1_00021": { "x": 2.59, "y": 2.57, "rotation": -134.12, "width": 150, "height": 150 },
				"tu/a1/a1_00022": { "x": 2.59, "y": 2.57, "rotation": -134.12, "width": 150, "height": 150 },
				"tu/a1/a1_00023": { "x": 2.59, "y": 2.57, "rotation": -134.12, "width": 150, "height": 150 },
				"tu/a1/a1_00024": { "x": 2.59, "y": 2.57, "rotation": -134.12, "width": 150, "height": 150 }
			},
			"tu/a6": {
				"tu/a1": {
					"x": 0.26,
					"y": 1.23,
					"scaleX": 0.3483,
					"scaleY": 0.3483,
					"rotation": 55.75,
					"width": 156,
					"height": 173
				}
			},
			"tu/a7": {
				"tu/a1": {
					"x": 0.26,
					"y": 1.23,
					"scaleX": 0.3483,
					"scaleY": 0.3483,
					"rotation": 55.75,
					"width": 156,
					"height": 173
				}
			},
			"tu/a8": {
				"tu/a1": {
					"x": 0.26,
					"y": 1.23,
					"scaleX": 0.3483,
					"scaleY": 0.3483,
					"rotation": 55.75,
					"width": 156,
					"height": 173
				}
			},
			"tu/a9": {
				"tu/a1": {
					"x": 0.26,
					"y": 1.23,
					"scaleX": 0.3483,
					"scaleY": 0.3483,
					"rotation": 55.75,
					"width": 156,
					"height": 173
				}
			},
			"tu/a10": {
				"tu/a1": {
					"x": 0.26,
					"y": 1.23,
					"scaleX": 0.3483,
					"scaleY": 0.3483,
					"rotation": 55.75,
					"width": 156,
					"height": 173
				}
			},
			"tu/a11": {
				"tu/a1": {
					"x": 0.26,
					"y": 1.23,
					"scaleX": 0.3483,
					"scaleY": 0.3483,
					"rotation": 55.75,
					"width": 156,
					"height": 173
				}
			},
			"tu/a12": {
				"tu/a1": {
					"x": 0.26,
					"y": 1.23,
					"scaleX": 0.3483,
					"scaleY": 0.3483,
					"rotation": 55.75,
					"width": 156,
					"height": 173
				}
			},
			"tu/a13": {
				"tu/a1": {
					"x": 0.26,
					"y": 1.23,
					"scaleX": 0.3483,
					"scaleY": 0.3483,
					"rotation": 55.75,
					"width": 156,
					"height": 173
				}
			},
			"tu/tongyong-jinbi": {
				"tu/z1": {
					"x": -3.46,
					"y": -2.48,
					"scaleX": 1.6564,
					"scaleY": 1.6564,
					"rotation": -91.06,
					"width": 53,
					"height": 46
				}
			},
			"tu/tongyong-jinbi2": {
				"tu/z1": {
					"x": -3.46,
					"y": -2.48,
					"scaleX": 1.6564,
					"scaleY": 1.6564,
					"rotation": -91.06,
					"width": 53,
					"height": 46
				}
			},
			"tu/tongyong-jinbi3": {
				"tu/z1": {
					"x": -3.46,
					"y": -2.48,
					"scaleX": 1.6564,
					"scaleY": 1.6564,
					"rotation": -91.06,
					"width": 53,
					"height": 46
				}
			},
			"tu/tongyong-jinbi4": {
				"tu/z1": {
					"x": -3.46,
					"y": -2.48,
					"scaleX": 1.6564,
					"scaleY": 1.6564,
					"rotation": -91.06,
					"width": 53,
					"height": 46
				}
			},
			"tu/tongyong-jinbi5": {
				"tu/z1": {
					"x": -3.46,
					"y": -2.48,
					"scaleX": 1.6564,
					"scaleY": 1.6564,
					"rotation": -91.06,
					"width": 53,
					"height": 46
				}
			},
			"tu/tongyong-jinbi6": {
				"tu/z1": {
					"x": -3.46,
					"y": -2.48,
					"scaleX": 1.6564,
					"scaleY": 1.6564,
					"rotation": -91.06,
					"width": 53,
					"height": 46
				}
			},
			"tu/tongyong-jinbi7": {
				"tu/z1": {
					"x": -3.46,
					"y": -2.48,
					"scaleX": 1.6564,
					"scaleY": 1.6564,
					"rotation": -91.06,
					"width": 53,
					"height": 46
				}
			},
			"tu/tongyong-jinbi8": {
				"tu/z1": {
					"x": -3.46,
					"y": -2.48,
					"scaleX": 1.6564,
					"scaleY": 1.6564,
					"rotation": -91.06,
					"width": 53,
					"height": 46
				}
			},
			"tu/tongyong-jinbi9": {
				"tu/z1": { "x": 2.57, "y": -3.98, "scaleX": 1.6564, "scaleY": 1.6564, "width": 53, "height": 46 }
			}
		}
	}
],
"events": {
	"a1": {}
},
"animations": {
	"daiji": {
		"slots": {
			"tu/a1/a1_00000": {
				"attachment": [
					{ "time": 0.0667, "name": "tu/a1/a1_00000" },
					{ "time": 0.1, "name": "tu/a1/a1_00001" },
					{ "time": 0.1667, "name": "tu/a1/a1_00002" },
					{ "time": 0.2, "name": "tu/a1/a1_00003" },
					{ "time": 0.2333, "name": "tu/a1/a1_00004" },
					{ "time": 0.3, "name": "tu/a1/a1_00005" },
					{ "time": 0.3333, "name": "tu/a1/a1_00006" },
					{ "time": 0.3667, "name": "tu/a1/a1_00007" },
					{ "time": 0.4333, "name": "tu/a1/a1_00008" },
					{ "time": 0.4667, "name": "tu/a1/a1_00009" },
					{ "time": 0.5333, "name": "tu/a1/a1_00010" },
					{ "time": 0.5667, "name": "tu/a1/a1_00011" },
					{ "time": 0.6, "name": "tu/a1/a1_00012" },
					{ "time": 0.6667, "name": "tu/a1/a1_00013" },
					{ "time": 0.7, "name": "tu/a1/a1_00014" },
					{ "time": 0.7667, "name": "tu/a1/a1_00015" },
					{ "time": 0.8, "name": "tu/a1/a1_00016" },
					{ "time": 0.8333, "name": "tu/a1/a1_00017" },
					{ "time": 0.9, "name": "tu/a1/a1_00018" },
					{ "time": 0.9333, "name": "tu/a1/a1_00019" },
					{ "time": 1, "name": "tu/a1/a1_00020" },
					{ "time": 1.0333, "name": "tu/a1/a1_00021" },
					{ "time": 1.0667, "name": "tu/a1/a1_00022" },
					{ "time": 1.1333, "name": "tu/a1/a1_00023" },
					{ "time": 1.1667, "name": "tu/a1/a1_00024" },
					{ "time": 1.2, "name": null }
				]
			},
			"tu/a6": {
				"color": [
					{ "time": 1, "color": "ffffff00" },
					{ "time": 1.0667, "color": "ffffffd2", "curve": "stepped" },
					{ "time": 1.4333, "color": "ffffffd2" },
					{ "time": 1.4667, "color": "ffffff00" }
				],
				"attachment": [
					{ "name": null },
					{ "time": 1, "name": "tu/a1" }
				]
			},
			"tu/a7": {
				"color": [
					{ "time": 0.9667, "color": "ffffff00" },
					{ "time": 1.0333, "color": "ffffffd2", "curve": "stepped" },
					{ "time": 1.4, "color": "ffffffd2" },
					{ "time": 1.4333, "color": "ffffff00" }
				],
				"attachment": [
					{ "name": null },
					{ "time": 0.9667, "name": "tu/a1" }
				]
			},
			"tu/a8": {
				"color": [
					{ "time": 1.4333, "color": "ffffff00" },
					{ "time": 1.5, "color": "ffffffd2", "curve": "stepped" },
					{ "time": 1.8667, "color": "ffffffd2" },
					{ "time": 1.9, "color": "ffffff00" }
				],
				"attachment": [
					{ "name": null },
					{ "time": 1.4333, "name": "tu/a1" }
				]
			},
			"tu/a9": {
				"color": [
					{ "time": 1.2, "color": "ffffff00" },
					{ "time": 1.2667, "color": "ffffffd2", "curve": "stepped" },
					{ "time": 1.7, "color": "ffffffd2" },
					{ "time": 1.7333, "color": "ffffff00" }
				],
				"attachment": [
					{ "name": null },
					{ "time": 1.2, "name": "tu/a1" }
				]
			},
			"tu/a10": {
				"color": [
					{ "time": 1.4333, "color": "ffffff00" },
					{ "time": 1.5, "color": "ffffffd2", "curve": "stepped" },
					{ "time": 1.7667, "color": "ffffffd2" },
					{ "time": 1.8, "color": "ffffff00" }
				],
				"attachment": [
					{ "name": null },
					{ "time": 1.4333, "name": "tu/a1" }
				]
			},
			"tu/a11": {
				"color": [
					{ "time": 1.4333, "color": "ffffff00" },
					{ "time": 1.5, "color": "ffffffd2", "curve": "stepped" },
					{ "time": 1.9333, "color": "ffffffd2" },
					{ "time": 1.9667, "color": "ffffff00" }
				],
				"attachment": [
					{ "name": null },
					{ "time": 1.4333, "name": "tu/a1" }
				]
			},
			"tu/a12": {
				"color": [
					{ "time": 0.9667, "color": "ffffff00" },
					{ "time": 1.0667, "color": "ffffffd2", "curve": "stepped" },
					{ "time": 1.5, "color": "ffffffd2" },
					{ "time": 1.5333, "color": "ffffff00" }
				],
				"attachment": [
					{ "name": null },
					{ "time": 0.9667, "name": "tu/a1" }
				]
			},
			"tu/a13": {
				"color": [
					{ "time": 1.1, "color": "ffffff00" },
					{ "time": 1.2, "color": "ffffffd2", "curve": "stepped" },
					{ "time": 1.6333, "color": "ffffffd2" },
					{ "time": 1.6667, "color": "ffffff00" }
				],
				"attachment": [
					{ "name": null },
					{ "time": 1.1, "name": "tu/a1" }
				]
			},
			"tu/tongyong-jinbi": {
				"attachment": [
					{ "name": null },
					{ "time": 0.1, "name": "tu/z1" },
					{ "time": 1.5333, "name": null }
				]
			},
			"tu/tongyong-jinbi2": {
				"attachment": [
					{ "name": null },
					{ "time": 0.0667, "name": "tu/z1" },
					{ "time": 1.3333, "name": null }
				]
			},
			"tu/tongyong-jinbi3": {
				"attachment": [
					{ "name": null },
					{ "time": 0.1, "name": "tu/z1" },
					{ "time": 1.4667, "name": null }
				]
			},
			"tu/tongyong-jinbi4": {
				"attachment": [
					{ "name": null },
					{ "time": 0.2, "name": "tu/z1" },
					{ "time": 1.6667, "name": null }
				]
			},
			"tu/tongyong-jinbi5": {
				"attachment": [
					{ "name": null },
					{ "time": 0.0333, "name": "tu/z1" },
					{ "time": 1.4, "name": null }
				]
			},
			"tu/tongyong-jinbi6": {
				"attachment": [
					{ "name": null },
					{ "time": 0.1333, "name": "tu/z1" },
					{ "time": 1.6, "name": null }
				]
			},
			"tu/tongyong-jinbi7": {
				"attachment": [
					{ "name": null },
					{ "time": 0.1667, "name": "tu/z1" },
					{ "time": 1.5333, "name": null }
				]
			},
			"tu/tongyong-jinbi8": {
				"attachment": [
					{ "name": null },
					{ "time": 0.0333, "name": "tu/z1" },
					{ "time": 1.4, "name": null }
				]
			},
			"tu/tongyong-jinbi9": {
				"attachment": [
					{ "name": null }
				]
			}
		},
		"bones": {
			"tu/a1/a1_00000": {
				"translate": [
					{ "time": 0.0667 },
					{ "time": 1.2333, "y": 47.91 },
					{ "time": 1.9667, "x": -6.59, "y": 53.18 }
				]
			},
			"tu/a6": {
				"translate": [
					{ "time": 1 },
					{ "time": 1.4667, "x": -2.55, "y": 8.92 }
				],
				"scale": [
					{ "time": 1, "x": 0.31, "y": 0.31 },
					{ "time": 1.0667, "x": 1.011, "y": 1.011 },
					{ "time": 1.4667, "x": 0.297, "y": 0.297 }
				]
			},
			"tu/a7": {
				"translate": [
					{ "time": 0.9667 },
					{ "time": 1.4333, "x": -62.92, "y": 57.91 }
				],
				"scale": [
					{ "time": 0.9667, "x": 0.31, "y": 0.31 },
					{ "time": 1.0333, "x": 1.011, "y": 1.011 },
					{ "time": 1.4333, "x": 0.297, "y": 0.297 }
				]
			},
			"tu/a8": {
				"translate": [
					{ "time": 1.4333, "x": 11.68, "y": 4.92 },
					{ "time": 1.9, "x": -25.4, "y": 22.86 }
				],
				"scale": [
					{ "time": 1.4333, "x": 0.31, "y": 0.31 },
					{ "time": 1.5, "x": 1.011, "y": 1.011 },
					{ "time": 1.9, "x": 0.297, "y": 0.297 }
				]
			},
			"tu/a9": {
				"translate": [
					{ "time": 1.2, "x": -15.37, "y": -60.88 },
					{ "time": 1.7333, "x": -16.61, "y": -0.62 }
				],
				"scale": [
					{ "time": 1.2, "x": 0.31, "y": 0.31 },
					{ "time": 1.2667, "x": 1.011, "y": 1.011 },
					{ "time": 1.7333, "x": 0.297, "y": 0.297 }
				]
			},
			"tu/a10": {
				"translate": [
					{ "time": 1.4333, "x": 14.76, "y": -22.14 },
					{ "time": 1.8, "x": 6.15, "y": 24.6 }
				],
				"scale": [
					{ "time": 1.4333, "x": 0.31, "y": 0.31 },
					{ "time": 1.5, "x": 1.011, "y": 1.011 },
					{ "time": 1.8, "x": 0.297, "y": 0.297 }
				]
			},
			"tu/a11": {
				"translate": [
					{ "time": 1.4333, "x": -42.29, "y": -46.09 },
					{ "time": 1.9667, "x": -58.11, "y": -21.05 }
				],
				"scale": [
					{ "time": 1.4333, "x": 0.31, "y": 0.31 },
					{ "time": 1.5, "x": 1.011, "y": 1.011 },
					{ "time": 1.9667, "x": 0.297, "y": 0.297 }
				]
			},
			"tu/a12": {
				"translate": [
					{ "time": 0.9667, "x": 29.58, "y": -177.45 },
					{ "time": 1.5333, "x": -15.01, "y": -136.85 }
				],
				"scale": [
					{ "time": 0.9667, "x": 0.31, "y": 0.31 },
					{ "time": 1.0667, "x": 1.011, "y": 1.011 },
					{ "time": 1.5333, "x": 0.297, "y": 0.297 }
				]
			},
			"tu/a13": {
				"translate": [
					{ "time": 1.1, "x": 77.65, "y": -113.85 },
					{ "time": 1.6667, "x": 70.18, "y": -101.62 }
				],
				"scale": [
					{ "time": 1.1, "x": 0.31, "y": 0.31 },
					{ "time": 1.2, "x": 1.011, "y": 1.011 },
					{ "time": 1.6667, "x": 0.297, "y": 0.297 }
				]
			},
			"tu/tongyong-jinbi": {
				"translate": [
					{ "time": 0.1, "curve": 0, "c2": 0.36, "c3": 0.304 },
					{ "time": 0.6333, "x": 35.84, "y": 29.18, "curve": 0.404 },
					{ "time": 1.5, "x": -258.51, "y": 325.1 }
				]
			},
			"tu/tongyong-jinbi4": {
				"translate": [
					{ "time": 0.0667, "curve": 0, "c2": 0.36, "c3": 0.735 },
					{ "time": 0.5333, "x": -105.82, "y": 55.98, "curve": 0.404 },
					{ "time": 1.3, "x": -233.41, "y": 321.11 }
				]
			},
			"tu/tongyong-jinbi6": {
				"translate": [
					{ "time": 0.1, "curve": 0, "c2": 0.36, "c3": 0.304 },
					{ "time": 0.5667, "x": 2.56, "y": -77.82, "curve": 0.404 },
					{ "time": 1.4333, "x": -245.67, "y": 351.94 }
				]
			},
			"tu/tongyong-jinbi8": {
				"translate": [
					{ "time": 0.2, "curve": 0, "c2": 0.36, "c3": 0.304 },
					{ "time": 0.7333, "x": -24.7, "y": -19.54, "curve": 0.404 },
					{ "time": 1.6333, "x": -225.43, "y": 336.05 }
				]
			},
			"tu/tongyong-jinbi10": {
				"translate": [
					{ "time": 0.0333, "curve": 0, "c2": 0.36, "c3": 0.304 },
					{ "time": 0.5667, "x": -113.28, "y": -86.61, "curve": 0.404 },
					{ "time": 1.3667, "x": -232.76, "y": 349.54 }
				]
			},
			"tu/tongyong-jinbi12": {
				"translate": [
					{ "time": 0.1333, "curve": 0, "c2": 0.36, "c3": 0.681 },
					{ "time": 0.6667, "x": 126.43, "y": 21.52, "curve": 0.281 },
					{ "time": 1.5667, "x": -261.56, "y": 337.07 }
				]
			},
			"tu/tongyong-jinbi14": {
				"translate": [
					{ "time": 0.1667, "curve": 0, "c2": 0.36, "c3": 0.304 },
					{ "time": 0.6333, "x": 98.3, "y": -87.55, "curve": 0.404 },
					{ "time": 1.5, "x": -257.06, "y": 349.98 }
				]
			},
			"tu/tongyong-jinbi16": {
				"translate": [
					{ "time": 0.0333, "curve": 0, "c2": 0.36, "c3": 0.304 },
					{ "time": 0.5, "x": 29.18, "y": 88.06, "curve": 0.404 },
					{ "time": 1.3667, "x": -245.31, "y": 317.7 }
				]
			}
		}
	}
}
}