{"skeleton":{"hash":"OTXeqZedA9rqMT2HTaqG8WExoN8","spine":"3.8.99","x":-240.35,"y":-203.57,"width":468.64,"height":468.64,"images":"","audio":""},"bones":[{"name":"root"},{"name":"tu/y2/y2_00000","parent":"root","length":43.37,"rotation":89.53,"x":0.95,"y":4.68,"scaleX":2.2153,"scaleY":2.2153}],"slots":[{"name":"tu/y2/y2_00000","bone":"tu/y2/y2_00000","attachment":"tu/y2/y2_00000"}],"skins":[{"name":"default","attachments":{"tu/y2/y2_00000":{"tu/y2/y2_00000":{"x":11.74,"y":3.25,"rotation":-138.81,"width":150,"height":150},"tu/y2/y2_00001":{"x":11.74,"y":3.25,"rotation":-138.81,"width":150,"height":150},"tu/y2/y2_00002":{"x":11.74,"y":3.25,"rotation":-138.81,"width":150,"height":150},"tu/y2/y2_00003":{"x":11.74,"y":3.25,"rotation":-138.81,"width":150,"height":150},"tu/y2/y2_00004":{"x":11.74,"y":3.25,"rotation":-138.81,"width":150,"height":150},"tu/y2/y2_00005":{"x":11.74,"y":3.25,"rotation":-138.81,"width":150,"height":150},"tu/y2/y2_00006":{"x":11.74,"y":3.25,"rotation":-138.81,"width":150,"height":150},"tu/y2/y2_00007":{"x":11.74,"y":3.25,"rotation":-138.81,"width":150,"height":150},"tu/y2/y2_00008":{"x":11.74,"y":3.25,"rotation":-138.81,"width":150,"height":150},"tu/y2/y2_00009":{"x":11.74,"y":3.25,"rotation":-138.81,"width":150,"height":150},"tu/y2/y2_00010":{"x":11.74,"y":3.25,"rotation":-138.81,"width":150,"height":150},"tu/y2/y2_00011":{"x":11.74,"y":3.25,"rotation":-138.81,"width":150,"height":150},"tu/y2/y2_00012":{"x":11.74,"y":3.25,"rotation":-138.81,"width":150,"height":150},"tu/y2/y2_00013":{"x":11.74,"y":3.25,"rotation":-138.81,"width":150,"height":150},"tu/y2/y2_00014":{"x":11.74,"y":3.25,"rotation":-138.81,"width":150,"height":150},"tu/y2/y2_00015":{"x":11.74,"y":3.25,"rotation":-138.81,"width":150,"height":150},"tu/y2/y2_00016":{"x":11.74,"y":3.25,"rotation":-138.81,"width":150,"height":150},"tu/y2/y2_00017":{"x":11.74,"y":3.25,"rotation":-138.81,"width":150,"height":150},"tu/y2/y2_00018":{"x":11.74,"y":3.25,"rotation":-138.81,"width":150,"height":150},"tu/y2/y2_00019":{"x":11.74,"y":3.25,"rotation":-138.81,"width":150,"height":150},"tu/y2/y2_00020":{"x":11.74,"y":3.25,"rotation":-138.81,"width":150,"height":150}}}}],"animations":{"daiji":{"slots":{"tu/y2/y2_00000":{"attachment":[{"time":0.0333,"name":"tu/y2/y2_00001"},{"time":0.0667,"name":"tu/y2/y2_00002"},{"time":0.1,"name":"tu/y2/y2_00003"},{"time":0.1333,"name":"tu/y2/y2_00004"},{"time":0.1667,"name":"tu/y2/y2_00005"},{"time":0.2,"name":"tu/y2/y2_00006"},{"time":0.2333,"name":"tu/y2/y2_00007"},{"time":0.2667,"name":"tu/y2/y2_00008"},{"time":0.3,"name":"tu/y2/y2_00009"},{"time":0.3333,"name":"tu/y2/y2_00010"},{"time":0.3667,"name":"tu/y2/y2_00011"},{"time":0.4,"name":"tu/y2/y2_00012"},{"time":0.4333,"name":"tu/y2/y2_00013"},{"time":0.4667,"name":"tu/y2/y2_00014"},{"time":0.5,"name":"tu/y2/y2_00015"},{"time":0.5333,"name":"tu/y2/y2_00016"},{"time":0.5667,"name":"tu/y2/y2_00017"},{"time":0.6,"name":"tu/y2/y2_00018"},{"time":0.6333,"name":"tu/y2/y2_00019"},{"time":0.6667,"name":"tu/y2/y2_00020"},{"time":0.7,"name":null}]}},"bones":{"tu/y2/y2_00000":{"scale":[{"x":0.763,"y":0.763,"curve":0.104,"c2":0.18,"c3":0.75},{"time":0.1333}]}}}}}