{
"skeleton": {
	"hash": "N76zb99TffEv1wlP5f9GTcI6GSw",
	"spine": "3.8.99",
	"x": -39.33,
	"y": -28.02,
	"width": 89,
	"height": 92.65,
	"images": "./tu/",
	"audio": ""
},
"bones": [
	{ "name": "root" },
	{ "name": "bone", "parent": "root", "x": 87.64, "y": -0.13 },
	{ "name": "bone2", "parent": "bone", "length": 34.33, "rotation": 90, "x": -82.82, "y": 3.79 }
],
"slots": [
	{ "name": "1/a1", "bone": "bone", "attachment": "1/a1" },
	{ "name": "1/a2", "bone": "bone", "attachment": "1/a2" },
	{ "name": "1/a3", "bone": "bone2", "attachment": "1/a3" },
	{ "name": "1/a4", "bone": "bone2", "attachment": "1/a4" },
	{ "name": "1/a5", "bone": "bone", "attachment": "1/a5" }
],
"skins": [
	{
		"name": "default",
		"attachments": {
			"1/a1": {
				"1/a1": { "x": -82.48, "y": 19.76, "width": 89, "height": 90 }
			},
			"1/a2": {
				"1/a2": { "x": -84.11, "y": 5.98, "width": 55, "height": 12 }
			},
			"1/a3": {
				"1/a3": { "x": 17.52, "y": -15.03, "rotation": -90, "width": 40, "height": 34 }
			},
			"1/a4": {
				"1/a4": { "x": 24.43, "y": 11.27, "rotation": -90, "width": 54, "height": 45 }
			},
			"1/a5": {
				"1/a5": { "x": -84.33, "y": -10.89, "width": 80, "height": 34 }
			}
		}
	}
],
"animations": {
	"daiji": {
		"bones": {
			"bone2": {
				"translate": [
					{ "time": 0.2667, "curve": 0.065, "c2": 0.19, "c3": 0.288 },
					{ "time": 0.4333, "y": 12.25, "curve": 0.496 },
					{ "time": 0.6 }
				],
				"scale": [
					{ "curve": 0.25, "c3": 0.75 },
					{ "time": 0.1333, "x": 0.8, "y": 1.11, "curve": 0.25, "c3": 0.75 },
					{ "time": 0.2667, "curve": "stepped" },
					{ "time": 0.6, "curve": 0, "c2": 0.01, "c3": 0.75 },
					{ "time": 0.7, "x": 0.843, "y": 1.11, "curve": 0.25, "c3": 0.75 },
					{ "time": 0.8, "x": 1.028, "curve": 0.25, "c3": 0.75 },
					{ "time": 0.9, "x": 0.973, "curve": 0.25, "c3": 0.75 },
					{ "time": 1, "curve": "stepped" },
					{ "time": 1.5 }
				]
			}
		}
	}
}
}