{"skeleton":{"hash":"hlbuY7WEXRT+XR+URie5MazA1vw","spine":"3.8.99","x":-51,"y":-107.13,"width":160.71,"height":156.83,"images":"","audio":""},"bones":[{"name":"root"},{"name":"消除/s1","parent":"root","length":44.99,"rotation":140.12,"x":-0.75,"y":0.76},{"name":"消除/xinshouzhiying-shouzhi","parent":"root","length":45.54,"rotation":137.31,"x":72.63,"y":-71.31}],"slots":[{"name":"消除/s2","bone":"消除/s1","attachment":"消除/s2"},{"name":"消除/s1","bone":"消除/s1","attachment":"消除/s1"},{"name":"消除/xinshouzhiying-shouzhi","bone":"消除/xinshouzhiying-shouzhi","attachment":"消除/xinshouzhiying-shouzhi"}],"skins":[{"name":"default","attachments":{"消除/s1":{"消除/s1":{"x":-1.89,"y":1.1,"rotation":-140.12,"width":102,"height":102}},"消除/s2":{"消除/s2":{"x":-1.89,"y":1.1,"rotation":-140.12,"width":102,"height":102}},"消除/xinshouzhiying-shouzhi":{"消除/xinshouzhiying-shouzhi":{"x":31.18,"y":-0.73,"rotation":-137.31,"width":119,"height":115}}}}],"animations":{"daiji":{"slots":{"消除/s1":{"color":[{"time":0.8,"color":"ffffffff"},{"time":1,"color":"ffffff00"}],"attachment":[{"name":null},{"time":0.8,"name":"消除/s1"}]},"消除/s2":{"color":[{"time":1,"color":"ffffffff"},{"time":1.3667,"color":"ffffff00"}],"attachment":[{"name":null},{"time":0.8,"name":"消除/s2"}]}},"bones":{"消除/s1":{"scale":[{"x":0.599,"y":0.599,"curve":"stepped"},{"time":0.8,"x":0.599,"y":0.599},{"time":1.3667,"x":1.204,"y":1.204}]},"消除/xinshouzhiying-shouzhi":{"translate":[{"curve":0.25,"c3":0.75},{"time":0.4,"x":40.64,"y":-37.49,"curve":0.25,"c3":0.75},{"time":0.8,"curve":"stepped"},{"time":1.6}]}}}}}