{"skeleton":{"hash":"taAaw99FLXeicF1QCmeg5+DWbr4","spine":"3.8.99","x":-110.3,"y":-93.2,"width":213.1,"height":213.1,"images":"","audio":""},"bones":[{"name":"root"},{"name":"tu/z7","parent":"root","x":-8.39,"y":147.3},{"name":"tu/g1/g1_00000","parent":"tu/z7","length":21.42,"rotation":138.18,"x":14.44,"y":-148.53,"scaleX":2.131,"scaleY":2.131}],"slots":[{"name":"tu/z7","bone":"tu/z7","attachment":"tu/z7","blend":"additive"},{"name":"tu/g1/g1_00000","bone":"tu/g1/g1_00000","attachment":"tu/g1/g1_00000"}],"skins":[{"name":"default","attachments":{"tu/g1/g1_00000":{"tu/g1/g1_00000":{"x":7.99,"y":-2.03,"rotation":-138.18,"width":100,"height":100},"tu/g1/g1_00001":{"x":7.99,"y":-2.03,"rotation":-138.18,"width":100,"height":100},"tu/g1/g1_00002":{"x":7.99,"y":-2.03,"rotation":-138.18,"width":100,"height":100},"tu/g1/g1_00003":{"x":7.99,"y":-2.03,"rotation":-138.18,"width":100,"height":100},"tu/g1/g1_00004":{"x":7.99,"y":-2.03,"rotation":-138.18,"width":100,"height":100},"tu/g1/g1_00005":{"x":7.99,"y":-2.03,"rotation":-138.18,"width":100,"height":100},"tu/g1/g1_00006":{"x":7.99,"y":-2.03,"rotation":-138.18,"width":100,"height":100},"tu/g1/g1_00007":{"x":7.99,"y":-2.03,"rotation":-138.18,"width":100,"height":100},"tu/g1/g1_00008":{"x":7.99,"y":-2.03,"rotation":-138.18,"width":100,"height":100},"tu/g1/g1_00009":{"x":7.99,"y":-2.03,"rotation":-138.18,"width":100,"height":100},"tu/g1/g1_00010":{"x":7.99,"y":-2.03,"rotation":-138.18,"width":100,"height":100},"tu/g1/g1_00011":{"x":7.99,"y":-2.03,"rotation":-138.18,"width":100,"height":100},"tu/g1/g1_00012":{"x":7.99,"y":-2.03,"rotation":-138.18,"width":100,"height":100},"tu/g1/g1_00013":{"x":7.99,"y":-2.03,"rotation":-138.18,"width":100,"height":100},"tu/g1/g1_00014":{"x":7.99,"y":-2.03,"rotation":-138.18,"width":100,"height":100},"tu/g1/g1_00015":{"x":7.99,"y":-2.03,"rotation":-138.18,"width":100,"height":100},"tu/g1/g1_00016":{"x":7.99,"y":-2.03,"rotation":-138.18,"width":100,"height":100},"tu/g1/g1_00017":{"x":7.99,"y":-2.03,"rotation":-138.18,"width":100,"height":100},"tu/g1/g1_00018":{"x":7.99,"y":-2.03,"rotation":-138.18,"width":100,"height":100},"tu/g1/g1_00019":{"x":7.99,"y":-2.03,"rotation":-138.18,"width":100,"height":100},"tu/g1/g1_00020":{"x":7.99,"y":-2.03,"rotation":-138.18,"width":100,"height":100},"tu/g1/g1_00021":{"x":7.99,"y":-2.03,"rotation":-138.18,"width":100,"height":100},"tu/g1/g1_00022":{"x":7.99,"y":-2.03,"rotation":-138.18,"width":100,"height":100},"tu/g1/g1_00023":{"x":7.99,"y":-2.03,"rotation":-138.18,"width":100,"height":100}},"tu/z7":{"tu/z7":{"x":5.52,"y":-132.6,"width":191,"height":190}}}}],"animations":{"daiji":{"slots":{"tu/g1/g1_00000":{"attachment":[{"time":0.0333,"name":"tu/g1/g1_00001"},{"time":0.0667,"name":"tu/g1/g1_00002"},{"time":0.1333,"name":"tu/g1/g1_00003"},{"time":0.1667,"name":"tu/g1/g1_00004"},{"time":0.2333,"name":"tu/g1/g1_00005"},{"time":0.2667,"name":"tu/g1/g1_00006"},{"time":0.3,"name":"tu/g1/g1_00007"},{"time":0.3333,"name":"tu/g1/g1_00008"},{"time":0.3667,"name":"tu/g1/g1_00009"},{"time":0.4,"name":"tu/g1/g1_00010"},{"time":0.4667,"name":"tu/g1/g1_00011"},{"time":0.5,"name":"tu/g1/g1_00012"},{"time":0.5667,"name":"tu/g1/g1_00013"},{"time":0.6,"name":"tu/g1/g1_00014"},{"time":0.6333,"name":"tu/g1/g1_00015"},{"time":0.6667,"name":"tu/g1/g1_00016"},{"time":0.7,"name":"tu/g1/g1_00017"},{"time":0.7667,"name":"tu/g1/g1_00018"},{"time":0.8,"name":"tu/g1/g1_00019"},{"time":0.8667,"name":"tu/g1/g1_00020"},{"time":0.9,"name":"tu/g1/g1_00021"},{"time":0.9333,"name":"tu/g1/g1_00022"},{"time":0.9667,"name":"tu/g1/g1_00023"},{"time":1,"name":null}]},"tu/z7":{"color":[{"color":"ffffff00"},{"time":0.5,"color":"ffffff6c"},{"time":1.0333,"color":"ffffff00","curve":"stepped"},{"time":1.6667,"color":"ffffff00"}]}}}}}