{
"skeleton": {
	"hash": "TK2Dzqi+J//MJpCV/cjLjYOheWc",
	"spine": "3.8.99",
	"x": -35.02,
	"y": -43.67,
	"width": 69.27,
	"height": 74.24,
	"images": "",
	"audio": ""
},
"bones": [
	{ "name": "root" },
	{ "name": "bone", "parent": "root", "x": 77.3, "y": 8.68 },
	{ "name": "tu/j2", "parent": "bone", "length": 22.23, "rotation": 90, "x": -84.23, "y": -7.35 },
	{ "name": "tu/j1", "parent": "tu/j2", "length": 15.58, "rotation": 92.08, "x": 0.01, "y": -0.06 },
	{ "name": "tu/j3", "parent": "bone", "length": 22.23, "rotation": 90, "x": -74.18, "y": -11.44 },
	{ "name": "tu/j4", "parent": "tu/j3", "length": 15.58, "rotation": 92.08, "x": 0.01, "y": -0.06 },
	{ "name": "tu/j5", "parent": "bone", "length": 22.23, "rotation": 90, "x": -79.96, "y": -11.44 },
	{ "name": "tu/j6", "parent": "tu/j5", "length": 15.58, "rotation": 92.08, "x": 0.01, "y": -0.06 },
	{ "name": "tu/j7", "parent": "bone", "length": 22.23, "rotation": 90, "x": -80.75, "y": -17.28 },
	{ "name": "tu/j8", "parent": "tu/j7", "length": 15.58, "rotation": 92.08, "x": 0.01, "y": -0.06 },
	{ "name": "tu/a1", "parent": "bone", "length": 10.82, "rotation": 131.35, "x": -83.68, "y": -4.2 },
	{
		"name": "tu/a3",
		"parent": "bone",
		"length": 10.82,
		"rotation": 131.35,
		"x": -63.59,
		"y": -19.13,
		"scaleX": 0.8242,
		"scaleY": 0.8242
	},
	{
		"name": "tu/a4",
		"parent": "bone",
		"length": 10.82,
		"rotation": 131.35,
		"x": -73.92,
		"y": -24.58,
		"scaleX": 0.8242,
		"scaleY": 0.8242
	}
],
"slots": [
	{ "name": "tu/j1", "bone": "tu/j1", "attachment": "tu/j1" },
	{ "name": "tu/j2", "bone": "tu/j4", "attachment": "tu/j1" },
	{ "name": "tu/j4", "bone": "tu/j8", "attachment": "tu/j1" },
	{ "name": "tu/j3", "bone": "tu/j6", "attachment": "tu/j1" },
	{ "name": "tu/a1", "bone": "tu/a1", "attachment": "tu/a1" },
	{ "name": "tu/a3", "bone": "tu/a3", "attachment": "tu/a1" },
	{ "name": "tu/a4", "bone": "tu/a4", "attachment": "tu/a1" }
],
"skins": [
	{
		"name": "default",
		"attachments": {
			"tu/a1": {
				"tu/a1": {
					"x": 0.56,
					"y": -0.61,
					"scaleX": 0.2921,
					"scaleY": 0.2921,
					"rotation": -131.35,
					"width": 156,
					"height": 173
				}
			},
			"tu/a3": {
				"tu/a1": {
					"x": 0.56,
					"y": -0.61,
					"scaleX": 0.2921,
					"scaleY": 0.2921,
					"rotation": -131.35,
					"width": 156,
					"height": 173
				}
			},
			"tu/a4": {
				"tu/a1": {
					"x": 0.56,
					"y": -0.61,
					"scaleX": 0.2921,
					"scaleY": 0.2921,
					"rotation": -131.35,
					"width": 156,
					"height": 173
				}
			},
			"tu/j1": {
				"tu/j1": { "x": -0.8, "y": 1, "rotation": 177.92, "width": 58, "height": 47 }
			},
			"tu/j2": {
				"tu/j1": { "x": -0.8, "y": 1, "rotation": 102.98, "width": 58, "height": 47 }
			},
			"tu/j3": {
				"tu/j1": { "x": -0.8, "y": 1, "rotation": 167.9, "width": 58, "height": 47 }
			},
			"tu/j4": {
				"tu/j1": { "x": -0.8, "y": 1, "rotation": 102.98, "width": 58, "height": 47 }
			}
		}
	}
],
"events": {
	"a1": {}
},
"animations": {
	"daiji": {
		"slots": {
			"tu/a1": {
				"attachment": [
					{ "name": null },
					{ "time": 0.1, "name": "tu/a1" },
					{ "time": 0.4667, "name": null }
				]
			},
			"tu/a3": {
				"attachment": [
					{ "name": null },
					{ "time": 0.1, "name": "tu/a1" },
					{ "time": 0.5667, "name": null }
				]
			},
			"tu/a4": {
				"attachment": [
					{ "name": null },
					{ "time": 0.1, "name": "tu/a1" },
					{ "time": 0.4333, "name": null }
				]
			},
			"tu/j1": {
				"color": [
					{ "time": 0.6333, "color": "ffffffff" },
					{ "time": 0.9, "color": "ffffff00" }
				],
				"attachment": [
					{ "name": null },
					{ "time": 0.1, "name": "tu/j1" }
				]
			},
			"tu/j2": {
				"color": [
					{ "time": 0.7333, "color": "ffffffff" },
					{ "time": 1.0667, "color": "ffffff00" }
				],
				"attachment": [
					{ "name": null },
					{ "time": 0.1, "name": "tu/j1" }
				]
			},
			"tu/j3": {
				"color": [
					{ "time": 0.8333, "color": "ffffffff" },
					{ "time": 1.1667, "color": "ffffff00" }
				],
				"attachment": [
					{ "name": null },
					{ "time": 0.2, "name": "tu/j1" }
				]
			},
			"tu/j4": {
				"color": [
					{ "time": 0.8667, "color": "ffffffff" },
					{ "time": 1.2667, "color": "ffffff00" }
				],
				"attachment": [
					{ "name": null },
					{ "time": 0.2333, "name": "tu/j1" }
				]
			}
		},
		"bones": {
			"tu/j1": {
				"rotate": [
					{ "time": 0.1 },
					{ "time": 0.4, "angle": -58.54 },
					{ "time": 0.9, "angle": -130.25 }
				],
				"translate": [
					{ "time": 0.1 },
					{ "time": 0.9, "y": 68.82 }
				]
			},
			"tu/j2": {
				"translate": [
					{ "time": 0.1, "curve": 0.227, "c2": 0.32, "c3": 0.496 },
					{ "time": 0.4333, "y": 118.67, "curve": 0.519, "c4": 0.99 },
					{ "time": 0.9, "y": 13.76 }
				]
			},
			"tu/j4": {
				"rotate": [
					{ "time": 0.1 },
					{ "time": 0.4333, "angle": 30.95 },
					{ "time": 0.5333, "angle": 43.38 },
					{ "time": 1.0667, "angle": 102.06 }
				],
				"translate": [
					{ "time": 0.1 },
					{ "time": 1.0667, "y": -53.78 }
				]
			},
			"tu/j3": {
				"translate": [
					{ "time": 0.1, "curve": 0.227, "c2": 0.32, "c3": 0.496 },
					{ "time": 0.4667, "y": 76.26, "curve": 0.519, "c4": 0.99 },
					{ "time": 1.0667, "y": -48.36 }
				]
			},
			"tu/j6": {
				"rotate": [
					{ "time": 0.2 },
					{ "time": 0.5333, "angle": 30.95 },
					{ "time": 1.1667, "angle": 102.06 }
				],
				"translate": [
					{ "time": 0.2 },
					{ "time": 1.1667, "y": -20.82 }
				]
			},
			"tu/j5": {
				"translate": [
					{ "time": 0.2, "curve": 0.227, "c2": 0.32, "c3": 0.496 },
					{ "time": 0.5667, "y": 127.36, "curve": 0.519, "c4": 0.99 },
					{ "time": 1.1667, "y": -48.36 }
				]
			},
			"tu/j8": {
				"rotate": [
					{ "time": 0.2333 },
					{ "time": 0.5667, "angle": 30.95 },
					{ "time": 1.2667, "angle": 102.06 }
				],
				"translate": [
					{ "time": 0.2333 },
					{ "time": 1.2667, "y": 42.95 }
				]
			},
			"tu/j7": {
				"translate": [
					{ "time": 0.2333, "curve": 0.227, "c2": 0.32, "c3": 0.496 },
					{ "time": 0.7, "y": 130.28, "curve": 0.519, "c4": 0.99 },
					{ "time": 1.2667, "y": -48.36 }
				]
			},
			"tu/a1": {
				"translate": [
					{ "time": 0.1 },
					{ "time": 0.4333, "x": -29.56, "y": 82.94 }
				],
				"scale": [
					{ "time": 0.1 },
					{ "time": 0.4333, "x": 0.311, "y": 0.311 }
				]
			},
			"tu/a3": {
				"translate": [
					{ "time": 0.1 },
					{ "time": 0.5333, "x": -15.21, "y": 81.79 }
				],
				"scale": [
					{ "time": 0.1 },
					{ "time": 0.5333, "x": 0.311, "y": 0.311 }
				]
			},
			"tu/a4": {
				"translate": [
					{ "time": 0.1 },
					{ "time": 0.4, "x": -2.87, "y": 138.62 }
				],
				"scale": [
					{ "time": 0.1 },
					{ "time": 0.4, "x": 0.311, "y": 0.311 }
				]
			}
		}
	}
}
}