{"skeleton":{"hash":"WegzQM5mUVPibqoCmaCVpfhsoI8","spine":"3.8.99","x":-164.17,"y":-141.27,"width":323.8,"height":301.13,"images":"","audio":""},"bones":[{"name":"root"},{"name":"tu/y1/y1_00000","parent":"root","length":53.95,"rotation":128.16,"x":-0.32,"y":-6.92,"scaleX":1.619,"scaleY":1.619}],"slots":[{"name":"tu/y1/y1_00000","bone":"tu/y1/y1_00000","attachment":"tu/y1/y1_00001"}],"skins":[{"name":"default","attachments":{"tu/y1/y1_00000":{"tu/y1/y1_00001":{"x":8.62,"y":-5.25,"rotation":-128.16,"width":200,"height":186},"tu/y1/y1_00002":{"x":8.62,"y":-5.25,"rotation":-128.16,"width":200,"height":186},"tu/y1/y1_00003":{"x":8.62,"y":-5.25,"rotation":-128.16,"width":200,"height":186},"tu/y1/y1_00004":{"x":8.62,"y":-5.25,"rotation":-128.16,"width":200,"height":186},"tu/y1/y1_00005":{"x":8.62,"y":-5.25,"rotation":-128.16,"width":200,"height":186},"tu/y1/y1_00006":{"x":8.62,"y":-5.25,"rotation":-128.16,"width":200,"height":186},"tu/y1/y1_00007":{"x":8.62,"y":-5.25,"rotation":-128.16,"width":200,"height":186},"tu/y1/y1_00008":{"x":8.62,"y":-5.25,"rotation":-128.16,"width":200,"height":186},"tu/y1/y1_00009":{"x":8.62,"y":-5.25,"rotation":-128.16,"width":200,"height":186},"tu/y1/y1_00010":{"x":8.62,"y":-5.25,"rotation":-128.16,"width":200,"height":186},"tu/y1/y1_00011":{"x":8.62,"y":-5.25,"rotation":-128.16,"width":200,"height":186},"tu/y1/y1_00012":{"x":8.62,"y":-5.25,"rotation":-128.16,"width":200,"height":186},"tu/y1/y1_00013":{"x":8.62,"y":-5.25,"rotation":-128.16,"width":200,"height":186},"tu/y1/y1_00014":{"x":8.62,"y":-5.25,"rotation":-128.16,"width":200,"height":186},"tu/y1/y1_00015":{"x":8.62,"y":-5.25,"rotation":-128.16,"width":200,"height":186},"tu/y1/y1_00016":{"x":8.62,"y":-5.25,"rotation":-128.16,"width":200,"height":186},"tu/y1/y1_00017":{"x":8.62,"y":-5.25,"rotation":-128.16,"width":200,"height":186},"tu/y1/y1_00018":{"x":8.62,"y":-5.25,"rotation":-128.16,"width":200,"height":186},"tu/y1/y1_00019":{"x":8.62,"y":-5.25,"rotation":-128.16,"width":200,"height":186},"tu/y1/y1_00020":{"x":8.62,"y":-5.25,"rotation":-128.16,"width":200,"height":186}}}}],"animations":{"daiji":{"slots":{"tu/y1/y1_00000":{"attachment":[{"name":"tu/y1/y1_00002"},{"time":0.0333,"name":"tu/y1/y1_00003"},{"time":0.0667,"name":"tu/y1/y1_00004"},{"time":0.1,"name":"tu/y1/y1_00005"},{"time":0.1333,"name":"tu/y1/y1_00006"},{"time":0.1667,"name":"tu/y1/y1_00007"},{"time":0.2,"name":"tu/y1/y1_00008"},{"time":0.2333,"name":"tu/y1/y1_00009"},{"time":0.2667,"name":"tu/y1/y1_00010"},{"time":0.3,"name":"tu/y1/y1_00011"},{"time":0.3333,"name":"tu/y1/y1_00012"},{"time":0.3667,"name":"tu/y1/y1_00013"},{"time":0.4,"name":"tu/y1/y1_00014"},{"time":0.4333,"name":"tu/y1/y1_00015"},{"time":0.4667,"name":"tu/y1/y1_00016"},{"time":0.5,"name":"tu/y1/y1_00017"},{"time":0.5333,"name":"tu/y1/y1_00018"},{"time":0.5667,"name":"tu/y1/y1_00019"},{"time":0.6,"name":"tu/y1/y1_00020"}]}}}}}