{"skeleton":{"hash":"GdJog2a7VzQzb8HVZ5sKV2TQsMY","spine":"3.8.99","x":-14.42,"y":-127.31,"width":180,"height":143,"images":"","audio":""},"bones":[{"name":"root","x":-0.66},{"name":"bone","parent":"root","length":79.97},{"name":"tu/a1","parent":"bone","length":66.3,"rotation":90,"x":0.47,"y":-3.3,"transform":"noRotationOrReflection"},{"name":"tu/s1","parent":"root","length":125.25,"rotation":165.69,"scaleX":0.4757,"scaleY":0.4757}],"slots":[{"name":"tu/s2","bone":"tu/s1"},{"name":"tu/s1","bone":"tu/s1"},{"name":"tu/shozhi","bone":"tu/a1","attachment":"tu/shozhi"}],"skins":[{"name":"default","attachments":{"tu/s1":{"tu/s1":{"rotation":-75.69,"width":234,"height":234}},"tu/s2":{"tu/s2":{"rotation":-75.69,"width":234,"height":234}},"tu/shozhi":{"tu/shozhi":{"x":-52.51,"y":-75.78,"rotation":-90,"width":180,"height":143}}}}],"animations":{"daiji":{"slots":{"tu/s1":{"color":[{"time":0.8333,"color":"ffffffff"},{"time":1,"color":"ffffff00"}],"attachment":[{"time":0.8333,"name":"tu/s1"}]},"tu/s2":{"color":[{"time":1,"color":"ffffffff"},{"time":1.2667,"color":"ffffff00"}],"attachment":[{"time":0.8333,"name":"tu/s2"}]}},"bones":{"tu/a1":{"translate":[{"curve":0.25,"c3":0.75},{"time":0.4333,"x":46.31,"y":-34.04,"curve":0.25,"c3":0.75},{"time":0.8333}]},"tu/s1":{"scale":[{"time":0.8333},{"time":1.2667,"x":1.827,"y":1.827}]}}},"quan":{"bones":{"tu/a1":{"translate":[{"x":138.81,"y":3.37}]},"bone":{"rotate":[{},{"time":0.5667,"angle":-120},{"time":1.1333,"angle":120},{"time":1.7667}]}}}}}