{"skeleton":{"hash":"NUDHofO0ITnI9laJ/N97uZqZ6zc","spine":"3.8.99","x":-148.75,"y":-0.33,"width":283,"height":399,"images":"","audio":""},"bones":[{"name":"root"},{"name":"bone","parent":"root","x":-5.56,"y":-43.27},{"name":"tu/a1/a4","parent":"bone","length":13.69,"rotation":90,"x":4.34,"y":292.54},{"name":"tu/a1/z1","parent":"tu/a1/a4","x":13.93,"y":91.17}],"slots":[{"name":"tu/a1/a1","bone":"bone","attachment":"tu/a1/a1"},{"name":"tu/a1/a2","bone":"tu/a1/a4","attachment":"tu/a1/a2"},{"name":"tu/a1/a4","bone":"tu/a1/a4","attachment":"tu/a1/a4"},{"name":"tu/a1/z1","bone":"tu/a1/z1","attachment":"tu/a1/z2"},{"name":"tu/a1/z2","bone":"root"},{"name":"tu/a1/z3","bone":"root"}],"skins":[{"name":"default","attachments":{"tu/a1/a1":{"tu/a1/a1":{"x":-1.69,"y":188.44,"width":283,"height":291}},"tu/a1/a2":{"tu/a1/a2":{"type":"mesh","uvs":[0.51935,0,0.7372,0.01359,0.99999,0.40395,0.99934,0.72949,0.87823,0.72484,0.82911,0.87777,0.60748,0.9964,0.34853,0.9916,0.14375,0.8574,0.12537,0.72446,0.01472,0.72338,0,0.39144,0.21536,0,0.48535,0.726],"triangles":[9,10,11,11,13,9,1,2,0,0,11,12,2,13,0,4,13,2,0,13,11,3,4,2,8,9,13,5,13,4,7,8,13,6,7,13,5,6,13],"vertices":[149.4,-3.62,147.3,-33.9,86.79,-70.42,36.33,-70.33,37.05,-53.5,13.35,-46.67,-5.04,-15.86,-4.29,20.13,16.51,48.59,37.11,51.15,37.28,66.53,88.73,68.58,149.4,38.64,36.87,1.11],"hull":13,"edges":[0,24,0,2,2,4,8,10,10,12,12,14,14,16,16,18,18,20,20,22,22,24,4,6,6,8],"width":139,"height":155}},"tu/a1/a4":{"tu/a1/a4":{"x":74.1,"y":-0.67,"rotation":-90,"width":77,"height":23}},"tu/a1/z1":{"tu/a1/a3":{"x":15.69,"y":-94.73,"rotation":-90,"width":59,"height":23},"tu/a1/z1":{"x":17.52,"y":-95.21,"rotation":-90,"width":56,"height":22},"tu/a1/z2":{"x":19.01,"y":-98,"rotation":-90,"width":56,"height":22},"tu/a1/z3":{"x":15.47,"y":-95.77,"scaleX":0.7284,"rotation":-90,"width":57,"height":23}}}}],"animations":{"chuxian":{"bones":{"bone":{"translate":[{"y":-403.22,"curve":0,"c3":0.75},{"time":0.2667,"y":12.08,"curve":0.25,"c3":0.75},{"time":0.4}],"scale":[{"time":0.1667,"curve":0.25,"c3":0.75},{"time":0.3,"y":1.05,"curve":0.25,"c3":0.75},{"time":0.4,"y":0.97,"curve":0.25,"c3":0.75},{"time":0.5,"curve":"stepped"},{"time":1}]}}},"daiji":{"bones":{"bone":{"scale":[{"curve":0.25,"c3":0.75},{"time":0.5667,"y":0.99,"curve":0.25,"c3":0.75},{"time":1.1333}]}}},"likai":{"bones":{"bone":{"translate":[{"curve":0,"c3":0.75},{"time":0.1333,"y":6.04,"curve":0.427},{"time":0.4,"y":-406.83}],"scale":[{"curve":0.25,"c3":0.75},{"time":0.1667,"y":1.04}]}}},"shuohua":{"slots":{"tu/a1/z1":{"attachment":[{"name":"tu/a1/a3"},{"time":0.1,"name":"tu/a1/z2"},{"time":0.2,"name":"tu/a1/z3"},{"time":0.3,"name":"tu/a1/z1"},{"time":0.4,"name":"tu/a1/a3"}]}},"deform":{"default":{"tu/a1/a2":{"tu/a1/a2":[{"offset":10,"vertices":[-3.16199,-1.48801,-3.90601,0,-3.90601,0,-5.20801,-1.302],"curve":"stepped"},{"time":0.1,"curve":"stepped"},{"time":0.2,"offset":10,"vertices":[-3.16199,0.98399,-6.696,0,-6.696,0,-5.20801,-3.77399],"curve":"stepped"},{"time":0.3,"offset":10,"vertices":[-3.16199,-2.92999,-1.84,0,-1.84,0,-5.20801,0.552],"curve":"stepped"},{"time":0.4,"offset":10,"vertices":[-3.16199,-1.48801,-3.90601,0,-3.90601,0,-5.20801,-1.302]}]}}}}}}