{"skeleton":{"hash":"aaDVoppZ39W3lyxAT4N5XyC7foc","spine":"3.8.99","x":-97.68,"y":0.6,"width":211,"height":270.13,"images":"","audio":""},"bones":[{"name":"root"},{"name":"bone","parent":"root","x":-5.56,"y":-43.27},{"name":"tu/a1/a4","parent":"bone","length":13.69,"rotation":90,"x":4.41,"y":155.02},{"name":"tu/a1/z1","parent":"tu/a1/a4","x":22.78,"y":4.01}],"slots":[{"name":"tu/a1/a1","bone":"bone","attachment":"tu/a10/a1"},{"name":"tu/a1/a2","bone":"tu/a1/a4","attachment":"tu/a10/a2"},{"name":"tu/a1/a4","bone":"tu/a1/a4","attachment":"tu/a10/a3"},{"name":"tu/a2/a3","bone":"tu/a1/z1","attachment":"tu/a10/a4"}],"skins":[{"name":"default","attachments":{"tu/a1/a1":{"tu/a10/a1":{"x":5.89,"y":112.87,"width":127,"height":138}},"tu/a1/a2":{"tu/a10/a2":{"type":"mesh","uvs":[0.20393,0,0.26249,0.07777,0.26666,0.14537,0.58684,0.14543,0.7252,0.26277,0.79246,0.08638,0.97041,0.12605,1,0.24643,1,0.35471,0.90942,0.60564,0.82935,0.77192,0.754,0.83382,0.77037,0.99998,0.72478,0.99787,0.70622,0.81028,0.62411,0.94694,0.49775,1,0.413,0.99313,0.28205,0.9273,0.20878,0.73278,0.14183,0.94506,0.10773,0.94202,0.15635,0.74564,0.09622,0.66753,0.04655,0.48444,0,0.22889,0,0.12196,1.0E-4,0.09651,0.09135,0,0.46527,0.75757],"triangles":[28,25,26,5,6,7,27,28,26,2,24,25,5,8,4,7,8,5,9,4,8,2,25,28,0,2,28,1,2,0,19,23,24,2,19,24,22,23,19,29,2,3,29,3,4,4,14,29,19,2,29,4,9,14,9,10,14,11,14,10,18,19,29,20,21,22,20,22,19,15,29,14,17,18,29,16,17,29,13,14,11,13,11,12,15,16,29],"vertices":[158.98,53.5,146.69,41.15,136.01,40.27,136,-27.29,117.46,-56.48,145.33,-70.68,139.06,-108.22,120.04,-114.47,102.94,-114.47,63.29,-95.36,37.02,-78.46,27.24,-62.56,0.98,-66.02,1.32,-56.4,30.95,-52.48,9.36,-35.15,0.98,-8.49,2.06,9.39,12.46,37.02,43.2,52.48,9.66,66.61,10.14,73.8,41.17,63.54,53.51,76.23,82.44,86.71,122.81,96.53,139.71,96.53,143.73,96.51,158.98,77.26,39.28,-1.64],"hull":29,"edges":[0,56,0,2,2,4,4,6,6,8,8,10,10,12,12,14,14,16,16,18,18,20,20,22,22,24,24,26,26,28,28,30,30,32,32,34,34,36,36,38,42,44,44,46,46,48,48,50,50,52,52,54,54,56,38,40,40,42],"width":211,"height":158}},"tu/a1/a4":{"tu/a10/a3":{"x":53.79,"y":-2.17,"rotation":-90,"width":62,"height":31}},"tu/a2/a3":{"tu/a9/z1":{"x":2.57,"y":-4.75,"rotation":-90,"width":18,"height":14},"tu/a9/z2":{"x":2.27,"y":-4.98,"rotation":-90,"width":37,"height":10},"tu/a10/a4":{"x":4.58,"y":-5.13,"rotation":-90,"width":31,"height":7}}}}],"animations":{"chuxian":{"bones":{"bone":{"translate":[{"y":-403.22,"curve":0,"c3":0.75},{"time":0.2667,"y":12.08,"curve":0.25,"c3":0.75},{"time":0.4}],"scale":[{"time":0.1667,"curve":0.25,"c3":0.75},{"time":0.3,"y":1.05,"curve":0.25,"c3":0.75},{"time":0.4,"y":0.97,"curve":0.25,"c3":0.75},{"time":0.5,"curve":"stepped"},{"time":1}]}}},"daiji":{"bones":{"bone":{"scale":[{"curve":0.25,"c3":0.75},{"time":0.5667,"y":0.99,"curve":0.25,"c3":0.75},{"time":1.1333}]}}},"likai":{"bones":{"bone":{"translate":[{"curve":0,"c3":0.75},{"time":0.1333,"y":6.04,"curve":0.427},{"time":0.4,"y":-406.83}],"scale":[{"curve":0.25,"c3":0.75},{"time":0.1667,"y":1.04}]}}},"shuohua":{"slots":{"tu/a2/a3":{"attachment":[{"time":0.1333,"name":"tu/a9/z1"},{"time":0.2667,"name":"tu/a9/z2"},{"time":0.4,"name":"tu/a10/a4"}]}},"deform":{"default":{"tu/a1/a2":{"tu/a10/a2":[{"curve":"stepped"},{"time":0.1333,"offset":30,"vertices":[0.168,1.512,-1.848,0,-1.848,0,0,-0.84],"curve":"stepped"},{"time":0.2667,"offset":31,"vertices":[-0.84,-1.008,0,-1.008,0,-0.33601,0.84],"curve":"stepped"},{"time":0.4}]}}}}}}