{"skeleton":{"hash":"r0SuIbIRzM3CqmgSg2hnHLIav/4","spine":"3.8.99","x":-113.84,"y":0.17,"width":230,"height":445.4,"images":"","audio":""},"bones":[{"name":"root"},{"name":"bone","parent":"root","x":-5.56,"y":-43.27},{"name":"tu/a1/a4","parent":"bone","length":13.69,"rotation":90,"x":4.07,"y":333.9},{"name":"tu/a1/z1","parent":"tu/a1/a4","x":22.78,"y":4.01}],"slots":[{"name":"tu/a11/a6","bone":"bone","attachment":"tu/a11/a6"},{"name":"tu/a1/a1","bone":"bone","attachment":"tu/a11/a2"},{"name":"tu/a1/a2","bone":"tu/a1/a4","attachment":"tu/a11/a3"},{"name":"tu/a2/a3","bone":"tu/a1/z1","attachment":"tu/a11/a1"},{"name":"tu/a11/a4","bone":"tu/a1/a4","attachment":"tu/a11/a4"}],"skins":[{"name":"default","attachments":{"tu/a1/a1":{"tu/a11/a2":{"x":6.73,"y":214.94,"width":230,"height":343}},"tu/a1/a2":{"tu/a11/a3":{"x":78.94,"y":-2.74,"rotation":-90,"width":109,"height":152}},"tu/a2/a3":{"tu/a9/z1":{"x":14.76,"y":-4.75,"rotation":-90,"width":18,"height":14},"tu/a9/z2":{"x":17,"y":-4.98,"rotation":-90,"width":37,"height":10},"tu/a11/a1":{"x":18.55,"y":-5.13,"rotation":-90,"width":34,"height":8}},"tu/a11/a4":{"tu/a11/a4":{"x":91.52,"y":-1.45,"rotation":-90,"width":61,"height":28}},"tu/a11/a6":{"tu/a11/a6":{"x":9.25,"y":363.74,"width":202,"height":65}}}}],"animations":{"chuxian":{"bones":{"bone":{"translate":[{"y":-403.22,"curve":0,"c3":0.75},{"time":0.2667,"y":12.08,"curve":0.25,"c3":0.75},{"time":0.4}],"scale":[{"time":0.1667,"curve":0.25,"c3":0.75},{"time":0.3,"y":1.05,"curve":0.25,"c3":0.75},{"time":0.4,"y":0.97,"curve":0.25,"c3":0.75},{"time":0.5,"curve":"stepped"},{"time":1}]}}},"daiji":{"bones":{"bone":{"scale":[{"curve":0.25,"c3":0.75},{"time":0.5667,"y":0.99,"curve":0.25,"c3":0.75},{"time":1.1333}]}}},"likai":{"bones":{"bone":{"translate":[{"curve":0,"c3":0.75},{"time":0.1333,"y":6.04,"curve":0.427},{"time":0.4,"y":-406.83}],"scale":[{"curve":0.25,"c3":0.75},{"time":0.1667,"y":1.04}]}}},"shuohua":{"slots":{"tu/a2/a3":{"attachment":[{"time":0.1333,"name":"tu/a9/z1"},{"time":0.2667,"name":"tu/a9/z2"},{"time":0.4,"name":"tu/a11/a1"}]}}}}}