{"skeleton":{"hash":"gkYE9oBSh7+XXYXKPLP1EEWiJB8","spine":"3.8.99","x":-137.2,"y":0.51,"width":284,"height":371,"images":"","audio":""},"bones":[{"name":"root"},{"name":"bone","parent":"root","x":-5.56,"y":-43.27},{"name":"tu/a1/a4","parent":"bone","length":13.69,"rotation":90,"x":4.41,"y":155.02},{"name":"tu/a1/z1","parent":"tu/a1/a4","x":137.96,"y":-1.28}],"slots":[{"name":"tu/a1/a1","bone":"bone","attachment":"tu/a12/a1"},{"name":"tu/a1/a4","bone":"tu/a1/a4","attachment":"tu/a12/a2"},{"name":"tu/a2/a3","bone":"tu/a1/z1","attachment":"tu/a12/a3"}],"skins":[{"name":"default","attachments":{"tu/a1/a1":{"tu/a12/a1":{"x":10.36,"y":229.27,"width":284,"height":371}},"tu/a1/a4":{"tu/a12/a2":{"x":197.05,"y":-5.83,"rotation":-90,"width":70,"height":29}},"tu/a2/a3":{"tu/a12/a3":{"x":4.58,"y":-5.13,"rotation":-90,"width":48,"height":29},"tu/a12/z1":{"x":-0.82,"y":-4.75,"rotation":-90,"width":22,"height":29},"tu/a12/z2":{"x":1.63,"y":-4.98,"rotation":-90,"width":37,"height":25}}}}],"animations":{"chuxian":{"bones":{"bone":{"translate":[{"y":-403.22,"curve":0,"c3":0.75},{"time":0.2667,"y":12.08,"curve":0.25,"c3":0.75},{"time":0.4}],"scale":[{"time":0.1667,"curve":0.25,"c3":0.75},{"time":0.3,"y":1.05,"curve":0.25,"c3":0.75},{"time":0.4,"y":0.97,"curve":0.25,"c3":0.75},{"time":0.5,"curve":"stepped"},{"time":1}]}}},"daiji":{"bones":{"bone":{"scale":[{"curve":0.25,"c3":0.75},{"time":0.5667,"y":0.99,"curve":0.25,"c3":0.75},{"time":1.1333}]}}},"likai":{"bones":{"bone":{"translate":[{"curve":0,"c3":0.75},{"time":0.1333,"y":6.04,"curve":0.427},{"time":0.4,"y":-406.83}],"scale":[{"curve":0.25,"c3":0.75},{"time":0.1667,"y":1.04}]}}},"shuohua":{"slots":{"tu/a2/a3":{"attachment":[{"time":0.1333,"name":"tu/a12/z1"},{"time":0.2667,"name":"tu/a12/z2"},{"time":0.4,"name":"tu/a12/a3"}]}}}}}