{"skeleton":{"hash":"1DMGvjjwL6kk4VUoZpdeNdT0Lfo","spine":"3.8.99","x":-91.26,"y":1.1,"width":211,"height":353.76,"images":"","audio":""},"bones":[{"name":"root"},{"name":"bone","parent":"root","x":-5.56,"y":-43.27},{"name":"tu/a1/a4","parent":"bone","length":13.69,"rotation":90,"x":4.41,"y":155.02},{"name":"tu/a1/z1","parent":"tu/a1/a4","x":88.76,"y":2.41}],"slots":[{"name":"tu/a1/a1","bone":"bone","attachment":"tu/a13/a1"},{"name":"tu/a13/a2","bone":"tu/a1/a4","attachment":"tu/a13/a2"},{"name":"tu/a2/a3","bone":"tu/a1/z1","attachment":"tu/a13/a4"},{"name":"tu/a13/a3","bone":"bone","attachment":"tu/a13/a3"}],"skins":[{"name":"default","attachments":{"tu/a1/a1":{"tu/a13/a1":{"x":19.8,"y":191.87,"width":211,"height":295}},"tu/a2/a3":{"tu/a13/a4":{"x":4.58,"y":-5.13,"rotation":-90,"width":29,"height":21},"tu/a13/z1":{"x":4.39,"y":-4.75,"rotation":-90,"width":33,"height":23},"tu/a13/z2":{"x":3.95,"y":-4.98,"rotation":-90,"width":31,"height":22}},"tu/a13/a2":{"tu/a13/a2":{"type":"mesh","uvs":[0.63096,0,0.85713,0.12524,1,0.31237,1,0.32776,0.96799,0.53819,0.78884,0.54659,0.68384,0.72139,0.64619,0.92828,0.5687,0.99999,0.41785,1,0.33849,0.91698,0.31408,0.72537,0.21219,0.55363,0.03002,0.53251,0,0.33111,0,0.30688,0.1376,0.12639,0.36615,0,0.4941,0.78512],"triangles":[1,2,3,14,15,16,12,13,14,3,5,1,5,0,1,4,5,3,5,12,16,12,14,16,17,0,5,5,16,17,6,12,5,11,12,6,18,11,6,10,11,18,7,18,6,18,9,10,7,8,18,8,9,18],"vertices":[243.11,-19.48,220.69,-49.57,187.2,-68.57,184.44,-68.57,146.78,-64.31,145.27,-40.48,113.98,-26.52,76.95,-21.51,64.11,-11.2,64.11,8.86,78.97,19.41,113.27,22.66,144.01,36.21,147.79,60.44,183.84,64.43,188.18,64.43,220.49,46.13,243.11,15.74,102.58,-1.28],"hull":18,"edges":[0,34,0,2,2,4,4,6,6,8,8,10,10,12,12,14,14,16,20,22,22,24,24,26,26,28,28,30,30,32,32,34,16,18,18,20,36,16,18,36],"width":133,"height":179}},"tu/a13/a3":{"tu/a13/a3":{"x":6.16,"y":334.55,"width":71,"height":37}}}}],"animations":{"chuxian":{"bones":{"bone":{"translate":[{"y":-403.22,"curve":0,"c3":0.75},{"time":0.2667,"y":12.08,"curve":0.25,"c3":0.75},{"time":0.4}],"scale":[{"time":0.1667,"curve":0.25,"c3":0.75},{"time":0.3,"y":1.05,"curve":0.25,"c3":0.75},{"time":0.4,"y":0.97,"curve":0.25,"c3":0.75},{"time":0.5,"curve":"stepped"},{"time":1}]}}},"daiji":{"bones":{"bone":{"scale":[{"curve":0.25,"c3":0.75},{"time":0.5667,"y":0.99,"curve":0.25,"c3":0.75},{"time":1.1333}]}}},"likai":{"bones":{"bone":{"translate":[{"curve":0,"c3":0.75},{"time":0.1333,"y":6.04,"curve":0.427},{"time":0.4,"y":-406.83}],"scale":[{"curve":0.25,"c3":0.75},{"time":0.1667,"y":1.04}]}}},"shuohua":{"slots":{"tu/a2/a3":{"attachment":[{"time":0.1333,"name":"tu/a13/z1"},{"time":0.2667,"name":"tu/a13/z2"},{"time":0.4,"name":"tu/a13/a4"}]}},"deform":{"default":{"tu/a13/a2":{"tu/a13/a2":[{"curve":"stepped"},{"time":0.1333,"offset":13,"vertices":[-1.15801,0,-1.35098,0,0,0,0,0,1.54401,0,1.73698],"curve":"stepped"},{"time":0.2667,"offset":15,"vertices":[0.96499,-3.28101,0,-3.28101,0,0,-1.15799],"curve":"stepped"},{"time":0.4}]}}}}}}