{"skeleton":{"hash":"oaqYVXf8F2ChQy8aQc+/f9aOyEI","spine":"3.8.99","x":-168.36,"y":0.91,"width":395,"height":483.53,"images":"","audio":""},"bones":[{"name":"root"},{"name":"bone","parent":"root","x":-5.56,"y":-43.27},{"name":"tu/a1/a4","parent":"bone","length":13.69,"rotation":90,"x":4.41,"y":155.02},{"name":"tu/a1/z1","parent":"tu/a1/a4","x":259.66,"y":2.56}],"slots":[{"name":"tu/a1/a1","bone":"bone","attachment":"tu/a14/a1"},{"name":"tu/a1/a4","bone":"tu/a1/a4","attachment":"tu/a14/a2"},{"name":"tu/a2/a3","bone":"tu/a1/z1","attachment":"tu/a14/a4"},{"name":"tu/a14/a3","bone":"bone","attachment":"tu/a14/a3"}],"skins":[{"name":"default","attachments":{"tu/a1/a1":{"tu/a14/a1":{"x":34.7,"y":256.18,"width":395,"height":424}},"tu/a1/a4":{"tu/a14/a2":{"type":"mesh","uvs":[0.60127,0,0.73972,0.05681,0.99905,0.49346,0.99999,0.56239,0.99999,0.64783,0.9018,0.69524,0.94622,0.87587,0.61089,0.99999,0.39804,0.99999,0.0693,0.8837,0.09118,0.69339,1.0E-5,0.6354,0,0.49146,0.03606,0.43943,0.25057,0.06094,0.40108,0,0.49126,0.66302],"triangles":[10,11,12,2,5,16,16,15,0,16,0,1,16,1,2,2,3,5,14,15,16,13,14,16,13,10,12,16,10,13,4,5,3,16,5,6,9,10,16,7,16,6,8,9,16,7,8,16],"vertices":[372.68,-21.22,364.27,-42.27,299.65,-81.68,289.45,-81.83,276.8,-81.83,269.78,-66.9,243.05,-73.65,224.68,-22.68,224.68,9.67,241.89,59.64,270.06,56.31,278.64,70.17,299.94,70.17,307.64,64.69,363.66,32.09,372.68,9.21,274.55,-4.5],"hull":16,"edges":[0,30,0,2,2,4,4,6,6,8,8,10,10,12,12,14,14,16,22,24,24,26,26,28,28,30,18,20,20,22,16,18,32,18,32,12],"width":152,"height":148}},"tu/a2/a3":{"tu/a14/a4":{"x":4.58,"y":-5.13,"rotation":-90,"width":43,"height":8},"tu/a14/z1":{"x":0.18,"y":-6.75,"rotation":-90,"width":18,"height":14},"tu/a14/z2":{"x":4.63,"y":-7.98,"rotation":-90,"width":37,"height":10}},"tu/a14/a3":{"tu/a14/a3":{"x":8.71,"y":480.04,"width":86,"height":31}}}}],"animations":{"chuxian":{"bones":{"bone":{"translate":[{"y":-403.22,"curve":0,"c3":0.75},{"time":0.2667,"y":12.08,"curve":0.25,"c3":0.75},{"time":0.4}],"scale":[{"time":0.1667,"curve":0.25,"c3":0.75},{"time":0.3,"y":1.05,"curve":0.25,"c3":0.75},{"time":0.4,"y":0.97,"curve":0.25,"c3":0.75},{"time":0.5,"curve":"stepped"},{"time":1}]}}},"daiji":{"bones":{"bone":{"scale":[{"curve":0.25,"c3":0.75},{"time":0.5667,"y":0.99,"curve":0.25,"c3":0.75},{"time":1.1333}]}}},"likai":{"bones":{"bone":{"translate":[{"curve":0,"c3":0.75},{"time":0.1333,"y":6.04,"curve":0.427},{"time":0.4,"y":-406.83}],"scale":[{"curve":0.25,"c3":0.75},{"time":0.1667,"y":1.04}]}}},"shuohua":{"slots":{"tu/a2/a3":{"attachment":[{"time":0.1333,"name":"tu/a14/z1"},{"time":0.2667,"name":"tu/a14/z2"},{"time":0.4,"name":"tu/a14/a4"}]}},"deform":{"default":{"tu/a1/a4":{"tu/a14/a2":[{"curve":"stepped"},{"time":0.1333,"offset":12,"vertices":[-0.51401,3.08398,-3.59799,0,-3.59799,0,-0.51398,-2.57001],"curve":"stepped"},{"time":0.2667,"offset":13,"vertices":[-1.02802,-1.285,0,-1.285,0,0,1.79898],"curve":"stepped"},{"time":0.4}]}}}}}}