{"skeleton":{"hash":"GXZwqm8TJiELFX4oyFSS5C1BWcs","spine":"3.8.99","x":-118.34,"y":1.79,"width":243,"height":335,"images":"","audio":""},"bones":[{"name":"root"},{"name":"bone","parent":"root","x":-5.56,"y":-43.27},{"name":"tu/a1/a4","parent":"bone","length":13.69,"rotation":90,"x":4.41,"y":155.02},{"name":"tu/a1/z1","parent":"tu/a1/a4","x":127.42,"y":1.17}],"slots":[{"name":"tu/a1/a1","bone":"bone","attachment":"tu/a16/a1"},{"name":"tu/a2/a3","bone":"tu/a1/z1","attachment":"tu/a16/a3"},{"name":"tu/a14/a3","bone":"bone","attachment":"tu/a16/a2"}],"skins":[{"name":"default","attachments":{"tu/a1/a1":{"tu/a16/a1":{"x":8.72,"y":212.56,"width":243,"height":335}},"tu/a2/a3":{"tu/a14/z1":{"x":4.82,"y":-5.35,"rotation":-90,"width":18,"height":14},"tu/a14/z2":{"x":7.88,"y":-7.06,"rotation":-90,"width":37,"height":10},"tu/a16/a3":{"x":4.58,"y":-5.13,"rotation":-90,"width":18,"height":4}},"tu/a14/a3":{"tu/a16/a2":{"x":8.24,"y":332.49,"width":58,"height":30}}}}],"animations":{"chuxian":{"bones":{"bone":{"translate":[{"y":-403.22,"curve":0,"c3":0.75},{"time":0.2667,"y":12.08,"curve":0.25,"c3":0.75},{"time":0.4}],"scale":[{"time":0.1667,"curve":0.25,"c3":0.75},{"time":0.3,"y":1.05,"curve":0.25,"c3":0.75},{"time":0.4,"y":0.97,"curve":0.25,"c3":0.75},{"time":0.5,"curve":"stepped"},{"time":1}]}}},"daiji":{"bones":{"bone":{"scale":[{"curve":0.25,"c3":0.75},{"time":0.5667,"y":0.99,"curve":0.25,"c3":0.75},{"time":1.1333}]}}},"likai":{"bones":{"bone":{"translate":[{"curve":0,"c3":0.75},{"time":0.1333,"y":6.04,"curve":0.427},{"time":0.4,"y":-406.83}],"scale":[{"curve":0.25,"c3":0.75},{"time":0.1667,"y":1.04}]}}},"shuohua":{"slots":{"tu/a2/a3":{"attachment":[{"time":0.1333,"name":"tu/a14/z1"},{"time":0.2667,"name":"tu/a14/z2"},{"time":0.4,"name":"tu/a16/a3"}]}}}}}