{"skeleton":{"hash":"cbxpXoJaPYSI/W9Y0QOaFoFHtoE","spine":"3.8.99","x":-129.7,"y":0.96,"width":262,"height":470.39,"images":"","audio":""},"bones":[{"name":"root"},{"name":"bone","parent":"root","x":-5.56,"y":-43.27},{"name":"tu/a1/a4","parent":"bone","length":13.69,"rotation":90,"x":4.41,"y":155.02},{"name":"tu/a1/z1","parent":"tu/a1/a4","x":218.28,"y":-0.68}],"slots":[{"name":"tu/a1/a1","bone":"bone","attachment":"tu/a17/a1"},{"name":"tu/a17/a2","bone":"bone","attachment":"tu/a17/a2"},{"name":"tu/a2/a3","bone":"tu/a1/z1","attachment":"tu/a17/a4"},{"name":"tu/a14/a3","bone":"bone","attachment":"tu/a17/a3"}],"skins":[{"name":"default","attachments":{"tu/a1/a1":{"tu/a17/a1":{"x":6.86,"y":223.23,"width":262,"height":358}},"tu/a2/a3":{"tu/a14/z1":{"x":5.32,"y":-4.6,"scaleX":0.5686,"scaleY":0.5686,"rotation":-90,"width":18,"height":14},"tu/a14/z2":{"x":4.62,"y":-5.05,"scaleX":0.606,"scaleY":0.606,"rotation":-90,"width":37,"height":10},"tu/a17/a4":{"x":4.58,"y":-5.13,"rotation":-90,"width":22,"height":2}},"tu/a14/a3":{"tu/a17/a3":{"x":8.24,"y":422.52,"width":66,"height":22}},"tu/a17/a2":{"tu/a17/a2":{"type":"mesh","uvs":[0.50679,0,0.58613,0.01743,0.70441,0.10367,0.56594,0.15259,0.73009,0.18171,0.85286,0.27568,0.95562,0.39327,1,0.50354,1,0.70175,0.78382,0.76453,0.76904,0.72318,0.67182,0.87501,0.53038,0.99999,0.45582,0.99795,0.30962,0.86417,0.21744,0.71075,0.22104,0.78481,0,0.70403,0,0.48488,0.04636,0.3727,0.17328,0.25057,0.32709,0.08399,0.40517,0.01121,0.48604,0,0.4963,0.75737],"triangles":[3,0,1,3,1,2,10,6,7,15,17,18,23,0,3,22,23,3,21,22,3,20,24,19,3,20,21,15,19,24,15,18,19,3,5,20,4,5,3,20,5,24,6,24,5,8,10,7,6,10,24,9,10,8,17,15,16,24,14,15,10,11,24,13,24,12,14,24,13,24,11,12],"vertices":[10.88,514.63,19.69,511.63,32.82,496.8,17.45,488.38,35.67,483.37,49.3,467.21,60.7,446.98,65.63,428.02,65.63,393.93,41.63,383.13,39.99,390.24,29.2,364.12,13.5,342.63,5.22,342.98,-11,365.99,-21.24,392.38,-20.84,379.64,-45.37,393.53,-45.37,431.23,-40.23,450.52,-26.14,471.53,-9.06,500.18,-0.4,512.7,8.58,514.63,9.72,384.36],"hull":24,"edges":[0,46,0,2,2,4,4,6,6,8,8,10,10,12,12,14,14,16,16,18,18,20,20,22,22,24,24,26,28,30,30,32,32,34,34,36,36,38,38,40,40,42,42,44,44,46,26,28,48,24],"width":111,"height":172}}}}],"animations":{"chuxian":{"bones":{"bone":{"translate":[{"y":-403.22,"curve":0,"c3":0.75},{"time":0.2667,"y":12.08,"curve":0.25,"c3":0.75},{"time":0.4}],"scale":[{"time":0.1667,"curve":0.25,"c3":0.75},{"time":0.3,"y":1.05,"curve":0.25,"c3":0.75},{"time":0.4,"y":0.97,"curve":0.25,"c3":0.75},{"time":0.5,"curve":"stepped"},{"time":1}]}}},"daiji":{"bones":{"bone":{"scale":[{"curve":0.25,"c3":0.75},{"time":0.5667,"y":0.99,"curve":0.25,"c3":0.75},{"time":1.1333}]}}},"likai":{"bones":{"bone":{"translate":[{"curve":0,"c3":0.75},{"time":0.1333,"y":6.04,"curve":0.427},{"time":0.4,"y":-406.83}],"scale":[{"curve":0.25,"c3":0.75},{"time":0.1667,"y":1.04}]}}},"shuohua":{"slots":{"tu/a2/a3":{"attachment":[{"time":0.1333,"name":"tu/a14/z1"},{"time":0.2667,"name":"tu/a14/z2"},{"time":0.4,"name":"tu/a17/a4"}]}},"deform":{"default":{"tu/a17/a2":{"tu/a17/a2":[{"curve":"stepped"},{"time":0.1333,"offset":22,"vertices":[-0.616,0,0,-1.84796,0,-1.84796,0.52799],"curve":"stepped"},{"time":0.2667,"offset":22,"vertices":[0.528,-0.08801,0,-0.52802,0,-0.52802,-0.79199],"curve":"stepped"},{"time":0.4}]}}}}}}