{"skeleton":{"hash":"DaMu6WEnTGAHB/+PBAgJOc2lXEA","spine":"3.8.99","x":-91.67,"y":1.11,"width":188,"height":384.11,"images":"","audio":""},"bones":[{"name":"root"},{"name":"bone","parent":"root","x":-5.56,"y":-43.27},{"name":"tu/a1/a4","parent":"bone","length":13.69,"rotation":90,"x":4.41,"y":155.02},{"name":"tu/a1/z1","parent":"tu/a1/a4","x":149,"y":0.79}],"slots":[{"name":"tu/a1/a1","bone":"bone","attachment":"tu/a18/a1"},{"name":"tu/a14/a3","bone":"bone","attachment":"tu/a18/a2"},{"name":"tu/a2/a3","bone":"tu/a1/z1","attachment":"tu/a18/z1"},{"name":"tu/a18/a3","bone":"bone","attachment":"tu/a18/a3"}],"skins":[{"name":"default","attachments":{"tu/a1/a1":{"tu/a18/a1":{"x":6.67,"y":182.38,"width":144,"height":276}},"tu/a2/a3":{"tu/a18/a4":{"x":4.58,"y":-5.13,"rotation":-90,"width":22,"height":10},"tu/a18/z1":{"x":5.54,"y":-5.35,"rotation":-90,"width":22,"height":7},"tu/a18/z2":{"x":2.69,"y":-4.55,"rotation":-90,"width":17,"height":11}},"tu/a14/a3":{"tu/a18/a2":{"x":7.89,"y":356.49,"width":188,"height":144}},"tu/a18/a3":{"tu/a18/a3":{"x":8.39,"y":351.27,"width":55,"height":25}}}}],"animations":{"chuxian":{"bones":{"bone":{"translate":[{"y":-403.22,"curve":0,"c3":0.75},{"time":0.2667,"y":12.08,"curve":0.25,"c3":0.75},{"time":0.4}],"scale":[{"time":0.1667,"curve":0.25,"c3":0.75},{"time":0.3,"y":1.05,"curve":0.25,"c3":0.75},{"time":0.4,"y":0.97,"curve":0.25,"c3":0.75},{"time":0.5,"curve":"stepped"},{"time":1}]}}},"daiji":{"bones":{"bone":{"scale":[{"curve":0.25,"c3":0.75},{"time":0.5667,"y":0.99,"curve":0.25,"c3":0.75},{"time":1.1333}]}}},"likai":{"bones":{"bone":{"translate":[{"curve":0,"c3":0.75},{"time":0.1333,"y":6.04,"curve":0.427},{"time":0.4,"y":-406.83}],"scale":[{"curve":0.25,"c3":0.75},{"time":0.1667,"y":1.04}]}}},"shuohua":{"slots":{"tu/a2/a3":{"attachment":[{"name":"tu/a18/a4"},{"time":0.1333,"name":"tu/a18/z1"},{"time":0.2667,"name":"tu/a18/z2"},{"time":0.4,"name":"tu/a18/a4"}]}}}}}