{"skeleton":{"hash":"n3L2qzNdsXDW7Jhksqnknb9gQ/U","spine":"3.8.99","x":-109.89,"y":-0.07,"width":218,"height":375.38,"images":"","audio":""},"bones":[{"name":"root"},{"name":"bone","parent":"root","x":-5.56,"y":-43.27},{"name":"tu/a1/a4","parent":"bone","length":13.69,"rotation":90,"x":4.41,"y":155.02},{"name":"tu/a1/z1","parent":"tu/a1/a4","x":161.64,"y":5.58}],"slots":[{"name":"tu/a1/a1","bone":"bone","attachment":"tu/a19/a1"},{"name":"tu/a19/a2","bone":"bone","attachment":"tu/a19/a2"},{"name":"tu/a14/a3","bone":"bone","attachment":"tu/a19/a3"},{"name":"tu/a2/a3","bone":"tu/a1/z1","attachment":"tu/a19/a4"}],"skins":[{"name":"default","attachments":{"tu/a1/a1":{"tu/a19/a1":{"x":4.67,"y":185.7,"width":218,"height":285}},"tu/a2/a3":{"tu/a19/a4":{"x":4.58,"y":-5.13,"rotation":-90,"width":18,"height":4},"tu/a19/z1":{"x":2.22,"y":-5.79,"scaleX":0.7158,"scaleY":0.7158,"rotation":-90,"width":18,"height":14},"tu/a19/z2":{"x":2.67,"y":-6.41,"scaleX":0.5366,"scaleY":0.5366,"rotation":-90,"width":37,"height":10}},"tu/a14/a3":{"tu/a19/a3":{"x":5.3,"y":353.09,"width":50,"height":23}},"tu/a19/a2":{"tu/a19/a2":{"x":4.65,"y":354.58,"width":132,"height":128}}}}],"animations":{"chuxian":{"bones":{"bone":{"translate":[{"y":-403.22,"curve":0,"c3":0.75},{"time":0.2667,"y":12.08,"curve":0.25,"c3":0.75},{"time":0.4}],"scale":[{"time":0.1667,"curve":0.25,"c3":0.75},{"time":0.3,"y":1.05,"curve":0.25,"c3":0.75},{"time":0.4,"y":0.97,"curve":0.25,"c3":0.75},{"time":0.5,"curve":"stepped"},{"time":1}]}}},"daiji":{"bones":{"bone":{"scale":[{"curve":0.25,"c3":0.75},{"time":0.5667,"y":0.99,"curve":0.25,"c3":0.75},{"time":1.1333}]}}},"likai":{"bones":{"bone":{"translate":[{"curve":0,"c3":0.75},{"time":0.1333,"y":6.04,"curve":0.427},{"time":0.4,"y":-406.83}],"scale":[{"curve":0.25,"c3":0.75},{"time":0.1667,"y":1.04}]}}},"shuohua":{"slots":{"tu/a2/a3":{"attachment":[{"time":0.1333,"name":"tu/a19/z1"},{"time":0.2667,"name":"tu/a19/z2"},{"time":0.4,"name":"tu/a19/a4"}]}}}}}