{"skeleton":{"hash":"+iCwxf5ntIGeq4pgRRxVf8i/Bno","spine":"3.8.99","x":-136.2,"y":0.07,"width":260,"height":345,"images":"","audio":""},"bones":[{"name":"root"},{"name":"bone","parent":"root","x":-5.56,"y":-43.27},{"name":"tu/a1/a4","parent":"bone","length":13.69,"rotation":90,"x":4.34,"y":292.54},{"name":"tu/a1/z1","parent":"tu/a1/a4","x":-27.47,"y":23.37}],"slots":[{"name":"tu/a1/a1","bone":"bone","attachment":"tu/a2/a1"},{"name":"tu/a1/a2","bone":"tu/a1/a4","attachment":"tu/a2/a2"},{"name":"tu/a1/a4","bone":"tu/a1/a4","attachment":"tu/a2/a4"},{"name":"tu/a2/a3","bone":"tu/a1/z1","attachment":"tu/a2/a3"}],"skins":[{"name":"default","attachments":{"tu/a1/a1":{"tu/a2/a1":{"x":-0.64,"y":215.84,"width":260,"height":345}},"tu/a1/a2":{"tu/a2/a2":{"type":"mesh","uvs":[0.29654,0,0.34438,0.12506,0.48553,0.22147,0.6123,0.1779,0.85902,0.38169,0.95122,0.40815,1,0.69609,1,0.77236,0.97283,0.84102,0.86223,0.83914,0.79057,0.71626,0.7325,0.84284,0.58462,0.93403,0.35406,0.93466,0.2281,0.85738,0.15265,0.66299,0.02641,0.62292,0,0.57239,0,0.47762,7.4E-4,0.41961,0.11052,0.40924,0.14361,0.33035,0.15142,0.21136,0.20351,0.29345,0.26646,0.12307,0.28309,0,0.45903,0.64795],"triangles":[21,22,23,20,17,18,24,25,0,1,24,0,19,20,18,16,17,20,2,23,1,23,20,21,26,15,20,16,20,15,23,24,1,26,23,2,26,20,23,3,26,2,10,4,5,10,5,6,3,4,26,10,26,4,9,10,6,7,9,6,8,9,7,11,26,10,14,15,26,12,26,11,13,14,26,12,13,26],"vertices":[54.31,43.6,41.06,37.86,30.84,20.92,35.46,5.71,13.85,-23.9,11.05,-34.96,-19.47,-40.81,-27.56,-40.81,-34.83,-37.55,-34.64,-24.28,-21.61,-15.68,-35.03,-8.71,-44.69,9.03,-44.76,36.7,-36.57,51.81,-15.96,60.87,-11.72,76.02,-6.36,79.19,3.69,79.19,9.84,79.1,10.93,65.92,19.3,61.95,31.91,61.02,23.21,54.77,41.27,47.21,54.31,45.22,-14.37,24.1],"hull":26,"edges":[0,50,0,2,2,4,4,6,6,8,8,10,10,12,12,14,14,16,16,18,18,20,20,22,22,24,24,26,26,28,28,30,30,32,32,34,34,36,36,38,38,40,40,42,42,44,44,46,46,48,48,50,52,30,52,20],"width":120,"height":106}},"tu/a1/a4":{"tu/a2/a4":{"x":11.3,"y":25.05,"rotation":-90,"width":60,"height":28}},"tu/a2/a3":{"tu/a2/a3":{"x":4.84,"y":-2.78,"rotation":-103.8,"width":25,"height":14},"tu/a2/z1":{"x":5,"y":-4.24,"rotation":-90,"width":27,"height":19},"tu/a2/z2":{"x":4.29,"y":-1.76,"rotation":-90,"width":17,"height":14}}}}],"animations":{"chuxian":{"bones":{"bone":{"translate":[{"y":-403.22,"curve":0,"c3":0.75},{"time":0.2667,"y":12.08,"curve":0.25,"c3":0.75},{"time":0.4}],"scale":[{"time":0.1667,"curve":0.25,"c3":0.75},{"time":0.3,"y":1.05,"curve":0.25,"c3":0.75},{"time":0.4,"y":0.97,"curve":0.25,"c3":0.75},{"time":0.5,"curve":"stepped"},{"time":1}]}}},"daiji":{"bones":{"bone":{"scale":[{"curve":0.25,"c3":0.75},{"time":0.5667,"y":0.99,"curve":0.25,"c3":0.75},{"time":1.1333}]}}},"likai":{"bones":{"bone":{"translate":[{"curve":0,"c3":0.75},{"time":0.1333,"y":6.04,"curve":0.427},{"time":0.4,"y":-406.83}],"scale":[{"curve":0.25,"c3":0.75},{"time":0.1667,"y":1.04}]}}},"shuohua":{"slots":{"tu/a2/a3":{"attachment":[{"time":0.1,"name":"tu/a2/z1"},{"time":0.2,"name":"tu/a2/z2"},{"time":0.3,"name":"tu/a2/a3"}]}},"deform":{"default":{"tu/a1/a2":{"tu/a2/a2":[{"curve":"stepped"},{"time":0.1,"offset":24,"vertices":[-1.73598,0,-1.73598],"curve":"stepped"},{"time":0.2,"offset":22,"vertices":[0.992,0.99202,-3.71999,1.48799,-3.224,-3.968,0.744,-0.24799],"curve":"stepped"},{"time":0.3}]}}}}}}