{"skeleton":{"hash":"HrevvntYzivXkzQGqjJIiuCxmaE","spine":"3.8.99","x":-112.83,"y":0.35,"width":229,"height":425.86,"images":"","audio":""},"bones":[{"name":"root"},{"name":"bone","parent":"root","x":-5.56,"y":-43.27},{"name":"tu/a1/a4","parent":"bone","length":13.69,"rotation":90,"x":4.41,"y":155.02},{"name":"tu/a1/z1","parent":"tu/a1/a4","x":175.79,"y":2.18}],"slots":[{"name":"tu/a1/a1","bone":"bone","attachment":"tu/a20/a1"},{"name":"tu/a19/a2","bone":"bone","attachment":"tu/a20/a2"},{"name":"tu/a14/a3","bone":"bone","attachment":"tu/a20/a3"},{"name":"tu/a2/a3","bone":"tu/a1/z1","attachment":"tu/a20/a4"}],"skins":[{"name":"default","attachments":{"tu/a1/a1":{"tu/a20/a1":{"x":7.23,"y":210.62,"width":229,"height":334}},"tu/a2/a3":{"tu/a19/z1":{"x":2.22,"y":-5.79,"scaleX":0.457,"scaleY":0.7627,"rotation":-90,"width":18,"height":14},"tu/a19/z2":{"x":2.67,"y":-6.41,"scaleX":0.7256,"scaleY":0.5366,"rotation":-90,"width":37,"height":10},"tu/a20/a4":{"x":4.58,"y":-5.13,"rotation":-90,"width":30,"height":5}},"tu/a14/a3":{"tu/a20/a3":{"x":6.72,"y":385.13,"width":63,"height":22}},"tu/a19/a2":{"tu/a20/a2":{"type":"mesh","uvs":[0.59569,0,0.76395,0.07064,0.85193,0.15247,0.92494,0.31348,1,0.33866,1,0.39617,0.99204,0.50441,0.99194,0.56162,0.85976,0.60212,0.86585,0.6358,0.83294,0.70609,0.71042,0.77709,0.63871,0.96155,0.58987,1,0.40401,1,0.36293,0.96956,0.28108,0.77205,0.14047,0.67903,0.13917,0.62148,0,0.5481,0,0.3409,0.08753,0.29898,0.11904,0.20801,0.15773,0.13858,0.24814,0.06294,0.40367,0,0.4989,0.76777],"triangles":[3,4,5,6,3,5,19,20,21,6,8,3,2,3,18,7,8,6,22,2,21,18,21,2,19,21,18,24,25,0,1,24,0,24,22,23,1,22,24,18,3,17,2,22,1,8,17,3,8,26,17,9,10,8,8,11,26,16,17,26,10,11,8,12,26,11,15,16,26,14,15,26,26,13,14,12,13,26],"vertices":[19.43,469.47,39.79,457.82,50.44,444.32,59.27,417.75,68.35,413.59,68.35,404.11,67.39,386.25,67.38,376.81,51.39,370.12,52.12,364.57,48.14,352.97,33.32,341.25,24.64,310.82,18.73,304.47,-3.76,304.47,-8.73,309.5,-18.63,342.09,-35.65,357.43,-35.8,366.93,-52.65,379.04,-52.65,413.23,-42.05,420.14,-38.24,435.15,-33.56,446.61,-22.62,459.09,-3.8,469.47,7.72,342.79],"hull":26,"edges":[0,50,0,2,2,4,4,6,6,8,8,10,10,12,12,14,14,16,16,18,18,20,20,22,22,24,24,26,26,28,28,30,30,32,34,36,36,38,38,40,40,42,42,44,44,46,46,48,48,50,52,26,32,34,28,52],"width":121,"height":165}}}}],"animations":{"chuxian":{"bones":{"bone":{"translate":[{"y":-403.22,"curve":0,"c3":0.75},{"time":0.2667,"y":12.08,"curve":0.25,"c3":0.75},{"time":0.4}],"scale":[{"time":0.1667,"curve":0.25,"c3":0.75},{"time":0.3,"y":1.05,"curve":0.25,"c3":0.75},{"time":0.4,"y":0.97,"curve":0.25,"c3":0.75},{"time":0.5,"curve":"stepped"},{"time":1}]}}},"daiji":{"bones":{"bone":{"scale":[{"curve":0.25,"c3":0.75},{"time":0.5667,"y":0.99,"curve":0.25,"c3":0.75},{"time":1.1333}]}}},"likai":{"bones":{"bone":{"translate":[{"curve":0,"c3":0.75},{"time":0.1333,"y":6.04,"curve":0.427},{"time":0.4,"y":-406.83}],"scale":[{"curve":0.25,"c3":0.75},{"time":0.1667,"y":1.04}]}}},"shuohua":{"slots":{"tu/a2/a3":{"attachment":[{"time":0.1333,"name":"tu/a19/z1"},{"time":0.2667,"name":"tu/a19/z2"},{"time":0.4,"name":"tu/a20/a4"}]}},"deform":{"default":{"tu/a19/a2":{"tu/a20/a2":[{"curve":"stepped"},{"time":0.1333,"offset":25,"vertices":[-3.14499,0,-3.14499,0,-3.14499,0,-3.14499],"curve":"stepped"},{"time":0.2667,"offset":22,"vertices":[1.29499,0,0,0,0,-1.47998,0,-1.47998,0,0,-1.84999],"curve":"stepped"},{"time":0.4}]}}}}}}