{"skeleton":{"hash":"pkGv/MB1boVICkUo/oTwHCFzgkA","spine":"3.8.99","x":-92.83,"y":1.05,"width":189,"height":428.69,"images":"","audio":""},"bones":[{"name":"root"},{"name":"bone","parent":"root","x":-5.56,"y":-43.27},{"name":"tu/a1/a4","parent":"bone","length":13.69,"rotation":90,"x":4.41,"y":155.02},{"name":"tu/a1/z1","parent":"tu/a1/a4","x":206.87,"y":1.56,"scaleX":0.7556,"scaleY":0.7556}],"slots":[{"name":"tu/a19/a2","bone":"bone","attachment":"tu/a23/a2"},{"name":"tu/a1/a1","bone":"bone","attachment":"tu/a23/a3"},{"name":"tu/a14/a3","bone":"bone","attachment":"tu/a23/a4"},{"name":"tu/a2/a3","bone":"tu/a1/z1","attachment":"tu/a20/a4"}],"skins":[{"name":"default","attachments":{"tu/a1/a1":{"tu/a23/a3":{"x":7.23,"y":201.32,"width":189,"height":314}},"tu/a2/a3":{"tu/a19/z2":{"x":2.67,"y":-6.41,"scaleX":0.7256,"scaleY":0.5366,"rotation":-90,"width":37,"height":10},"tu/a20/a4":{"x":2.52,"y":-5.13,"rotation":-90,"width":30,"height":5},"tu/a23/a5":{"x":4.96,"y":-5.79,"rotation":-90,"width":21,"height":20}},"tu/a14/a3":{"tu/a23/a4":{"x":6.72,"y":388.25,"width":15,"height":27}},"tu/a19/a2":{"tu/a23/a2":{"x":7.05,"y":363.51,"width":177,"height":219}}}}],"animations":{"chuxian":{"bones":{"bone":{"translate":[{"y":-403.22,"curve":0,"c3":0.75},{"time":0.2667,"y":12.08,"curve":0.25,"c3":0.75},{"time":0.4}],"scale":[{"time":0.1667,"curve":0.25,"c3":0.75},{"time":0.3,"y":1.05,"curve":0.25,"c3":0.75},{"time":0.4,"y":0.97,"curve":0.25,"c3":0.75},{"time":0.5,"curve":"stepped"},{"time":1}]}}},"daiji":{"bones":{"bone":{"scale":[{"curve":0.25,"c3":0.75},{"time":0.5667,"y":0.99,"curve":0.25,"c3":0.75},{"time":1.1333}]}}},"likai":{"bones":{"bone":{"translate":[{"curve":0,"c3":0.75},{"time":0.1333,"y":6.04,"curve":0.427},{"time":0.4,"y":-406.83}],"scale":[{"curve":0.25,"c3":0.75},{"time":0.1667,"y":1.04}]}}},"shuohua":{"slots":{"tu/a2/a3":{"attachment":[{"time":0.1333,"name":"tu/a23/a5"},{"time":0.2667,"name":"tu/a19/z2"},{"time":0.4,"name":"tu/a20/a4"}]}}}}}