{"skeleton":{"hash":"JBqvG8DvhraKqTUrxvU0GmoeIXM","spine":"3.8.99","x":-89.82,"y":0.65,"width":189,"height":312.24,"images":"","audio":""},"bones":[{"name":"root"},{"name":"bone","parent":"root","x":-5.56,"y":-43.27},{"name":"tu/a1/a4","parent":"bone","length":13.69,"rotation":90,"x":4.41,"y":155.02},{"name":"tu/a1/z1","parent":"tu/a1/a4","x":85.85,"y":-3.7,"scaleX":0.7556,"scaleY":0.7556}],"slots":[{"name":"tu/a1/a1","bone":"bone","attachment":"tu/a29/a1"},{"name":"tu/a14/a4","bone":"bone","attachment":"tu/a29/a2"},{"name":"tu/a14/a5","bone":"bone","attachment":"tu/a29/a3"},{"name":"tu/a2/a3","bone":"tu/a1/z1","attachment":"tu/a1/z2"}],"skins":[{"name":"default","attachments":{"tu/a1/a1":{"tu/a29/a1":{"x":10.25,"y":140.92,"width":189,"height":194}},"tu/a2/a3":{"tu/a1/z2":{"x":11.85,"y":-13.45,"rotation":-90,"width":56,"height":22},"tu/a19/z2":{"x":7.61,"y":-4.56,"rotation":-90,"width":37,"height":10},"tu/a29/a4":{"x":6.02,"y":-4.86,"scaleX":1.558,"scaleY":1.558,"rotation":-90,"width":45,"height":18}},"tu/a14/a4":{"tu/a29/a2":{"x":14.04,"y":289.16,"width":176,"height":134}},"tu/a14/a5":{"tu/a29/a3":{"x":10.91,"y":280.56,"width":57,"height":45}}}}],"animations":{"chuxian":{"bones":{"bone":{"translate":[{"y":-403.22,"curve":0,"c3":0.75},{"time":0.2667,"y":12.08,"curve":0.25,"c3":0.75},{"time":0.4}],"scale":[{"time":0.1667,"curve":0.25,"c3":0.75},{"time":0.3,"y":1.05,"curve":0.25,"c3":0.75},{"time":0.4,"y":0.97,"curve":0.25,"c3":0.75},{"time":0.5,"curve":"stepped"},{"time":1}]}}},"daiji":{"bones":{"bone":{"scale":[{"curve":0.25,"c3":0.75},{"time":0.5667,"y":0.99,"curve":0.25,"c3":0.75},{"time":1.1333}]}}},"likai":{"bones":{"bone":{"translate":[{"curve":0,"c3":0.75},{"time":0.1333,"y":6.04,"curve":0.427},{"time":0.4,"y":-406.83}],"scale":[{"curve":0.25,"c3":0.75},{"time":0.1667,"y":1.04}]}}},"shuohua":{"slots":{"tu/a2/a3":{"attachment":[{"time":0.1333,"name":"tu/a29/a4"},{"time":0.2667,"name":"tu/a19/z2"},{"time":0.4,"name":"tu/a1/z2"}]}}}}}