{"skeleton":{"hash":"NV8xFX7wVjyvYLIGgIq8G4So2w8","spine":"3.8.99","x":-123.13,"y":0.44,"width":245,"height":390.43,"images":"","audio":""},"bones":[{"name":"root"},{"name":"bone","parent":"root","x":-5.56,"y":-43.27},{"name":"tu/a1/a4","parent":"bone","length":13.69,"rotation":90,"x":4.34,"y":292.54},{"name":"tu/a1/z1","parent":"tu/a1/a4","x":17.61,"y":1.47}],"slots":[{"name":"tu/a1/a1","bone":"bone","attachment":"tu/a3/a1"},{"name":"tu/a1/a2","bone":"tu/a1/a4","attachment":"tu/a3/a2"},{"name":"tu/a1/a4","bone":"tu/a1/a4","attachment":"tu/a3/a4"},{"name":"tu/a2/a3","bone":"tu/a1/z1","attachment":"tu/a3/a3"}],"skins":[{"name":"default","attachments":{"tu/a1/a1":{"tu/a3/a1":{"x":4.93,"y":189.71,"width":245,"height":292}},"tu/a1/a2":{"tu/a3/a2":{"type":"mesh","uvs":[0.57039,0,0.7487,8.0E-5,0.82724,0.04573,0.84108,0.1178,0.91293,0.14762,0.98979,0.19672,0.94636,0.23134,1,0.36735,1,0.42628,0.99017,0.59047,0.99168,0.63025,0.80786,0.7614,0.72753,0.78263,0.6513,0.93063,0.5596,1,0.4451,1,0.34739,0.94047,0.26913,0.79112,0.21682,0.77787,0.00602,0.63253,0.00502,0.61263,0,0.44198,0,0.3661,0.02154,0.1834,0.13737,0.12079,0.15759,0.12223,0.17372,0.04474,0.24481,0,0.48841,0.72665],"triangles":[6,4,5,22,23,24,6,7,8,25,21,22,8,11,6,25,20,21,25,19,20,0,25,27,25,26,27,0,28,25,0,3,28,1,3,0,2,3,1,3,12,28,6,11,3,6,3,4,9,11,8,11,9,10,17,18,25,25,22,24,18,19,25,11,12,3,28,17,25,13,28,12,16,17,28,15,16,28,28,14,15,13,14,28],"vertices":[141.6,-14.9,141.59,-49.85,134.51,-65.24,123.34,-67.95,118.72,-82.03,111.11,-97.1,105.75,-88.59,84.66,-99.1,75.53,-99.1,50.08,-97.17,43.91,-97.47,23.59,-61.44,20.3,-45.7,-2.64,-30.75,-13.4,-12.78,-13.4,9.66,-4.17,28.81,18.98,44.15,21.03,54.4,43.56,95.72,46.65,95.92,73.1,96.9,84.86,96.9,113.18,92.68,122.88,69.98,122.66,66.01,134.67,62.85,141.6,48.92,28.97,1.17],"hull":28,"edges":[0,54,0,2,2,4,4,6,6,8,8,10,10,12,12,14,14,16,16,18,18,20,20,22,22,24,24,26,26,28,28,30,30,32,32,34,34,36,36,38,38,40,40,42,42,44,44,46,46,48,48,50,50,52,52,54],"width":196,"height":155}},"tu/a1/a4":{"tu/a3/a4":{"x":69.25,"y":1.86,"rotation":-90,"width":79,"height":31}},"tu/a2/a3":{"tu/a3/a3":{"x":5.72,"y":-5.99,"rotation":-90,"width":48,"height":21},"tu/a3/z1":{"x":4.13,"y":-6.86,"rotation":-90,"width":46,"height":21},"tu/a3/z2":{"x":7.49,"y":-6.13,"rotation":-90,"width":48,"height":21}}}}],"animations":{"chuxian":{"bones":{"bone":{"translate":[{"y":-403.22,"curve":0,"c3":0.75},{"time":0.2667,"y":12.08,"curve":0.25,"c3":0.75},{"time":0.4}],"scale":[{"time":0.1667,"curve":0.25,"c3":0.75},{"time":0.3,"y":1.05,"curve":0.25,"c3":0.75},{"time":0.4,"y":0.97,"curve":0.25,"c3":0.75},{"time":0.5,"curve":"stepped"},{"time":1}]}}},"daiji":{"bones":{"bone":{"scale":[{"curve":0.25,"c3":0.75},{"time":0.5667,"y":0.99,"curve":0.25,"c3":0.75},{"time":1.1333}]}}},"likai":{"bones":{"bone":{"translate":[{"curve":0,"c3":0.75},{"time":0.1333,"y":6.04,"curve":0.427},{"time":0.4,"y":-406.83}],"scale":[{"curve":0.25,"c3":0.75},{"time":0.1667,"y":1.04}]}}},"shuohua":{"slots":{"tu/a2/a3":{"attachment":[{"time":0.1,"name":"tu/a3/z1"},{"time":0.2,"name":"tu/a3/z2"},{"time":0.3,"name":"tu/a3/a3"}]}},"deform":{"default":{"tu/a1/a2":{"tu/a3/a2":[{"offset":27,"vertices":[-2.03699,0,0,0,0,0.873,2.32797],"curve":"stepped"},{"time":0.1,"curve":"stepped"},{"time":0.2,"offset":27,"vertices":[0.873,-2.037,0,-2.037,0,0,-0.87299],"curve":"stepped"},{"time":0.3,"offset":27,"vertices":[-2.03699,0,0,0,0,0.873,2.32797]}]}}}}}}