{"skeleton":{"hash":"djS37LWRAiIaSG4HRWFnilb1vd4","spine":"3.8.99","x":-116.83,"y":-1.71,"width":237,"height":430,"images":"","audio":""},"bones":[{"name":"root"},{"name":"bone","parent":"root","x":-5.56,"y":-43.27},{"name":"tu/a1/a4","parent":"bone","length":13.69,"rotation":90,"x":4.41,"y":155.02},{"name":"tu/a1/z1","parent":"tu/a1/a4","x":216.85,"y":1,"scaleX":0.7556,"scaleY":0.7556}],"slots":[{"name":"tu/a1/a1","bone":"bone","attachment":"tu/a30/a1"},{"name":"tu/a14/a3","bone":"bone","attachment":"tu/a30/a2"},{"name":"tu/a2/a3","bone":"tu/a1/z1","attachment":"tu/a30/a3"}],"skins":[{"name":"default","attachments":{"tu/a1/a1":{"tu/a30/a1":{"x":7.23,"y":256.56,"width":237,"height":430}},"tu/a2/a3":{"tu/a19/z2":{"x":4.22,"y":-10.71,"scaleX":0.5303,"rotation":-90,"width":37,"height":10},"tu/a22/a5":{"x":2.55,"y":-10.78,"scaleX":1.558,"scaleY":1.558,"rotation":-90,"width":16,"height":8},"tu/a30/a3":{"x":3.87,"y":-12.7,"rotation":-90,"width":21,"height":8}},"tu/a14/a3":{"tu/a30/a2":{"x":11.03,"y":402.04,"width":63,"height":49}}}}],"animations":{"chuxian":{"bones":{"bone":{"translate":[{"y":-403.22,"curve":0,"c3":0.75},{"time":0.2667,"y":12.08,"curve":0.25,"c3":0.75},{"time":0.4}],"scale":[{"time":0.1667,"curve":0.25,"c3":0.75},{"time":0.3,"y":1.05,"curve":0.25,"c3":0.75},{"time":0.4,"y":0.97,"curve":0.25,"c3":0.75},{"time":0.5,"curve":"stepped"},{"time":1}]}}},"daiji":{"bones":{"bone":{"scale":[{"curve":0.25,"c3":0.75},{"time":0.5667,"y":0.99,"curve":0.25,"c3":0.75},{"time":1.1333}]}}},"likai":{"bones":{"bone":{"translate":[{"curve":0,"c3":0.75},{"time":0.1333,"y":6.04,"curve":0.427},{"time":0.4,"y":-406.83}],"scale":[{"curve":0.25,"c3":0.75},{"time":0.1667,"y":1.04}]}}},"shuohua":{"slots":{"tu/a2/a3":{"attachment":[{"time":0.1333,"name":"tu/a22/a5"},{"time":0.2667,"name":"tu/a19/z2"},{"time":0.4,"name":"tu/a30/a3"}]}}}}}