{"skeleton":{"hash":"fXC27Uk0uqAfWrztb/bH44JQ+Eg","spine":"3.8.99","x":-150.12,"y":0.15,"width":325,"height":404,"images":"","audio":""},"bones":[{"name":"root"},{"name":"bone","parent":"root","x":-5.56,"y":-43.27},{"name":"tu/a1/a4","parent":"bone","length":13.69,"rotation":90,"x":4.34,"y":292.54},{"name":"tu/a1/z1","parent":"tu/a1/a4","x":17.61,"y":1.47}],"slots":[{"name":"tu/a1/a1","bone":"bone","attachment":"tu/a4/a1"},{"name":"tu/a1/a4","bone":"tu/a1/a4"}],"skins":[{"name":"default","attachments":{"tu/a1/a1":{"tu/a4/a1":{"x":17.94,"y":245.42,"width":325,"height":404}}}}],"animations":{"chuxian":{"bones":{"bone":{"translate":[{"y":-403.22,"curve":0,"c3":0.75},{"time":0.2667,"y":12.08,"curve":0.25,"c3":0.75},{"time":0.4}],"scale":[{"time":0.1667,"curve":0.25,"c3":0.75},{"time":0.3,"y":1.05,"curve":0.25,"c3":0.75},{"time":0.4,"y":0.97,"curve":0.25,"c3":0.75},{"time":0.5,"curve":"stepped"},{"time":1}]}}},"daiji":{"bones":{"bone":{"scale":[{"curve":0.25,"c3":0.75},{"time":0.5667,"y":0.99,"curve":0.25,"c3":0.75},{"time":1.1333}]}}},"likai":{"bones":{"bone":{"translate":[{"curve":0,"c3":0.75},{"time":0.1333,"y":6.04,"curve":0.427},{"time":0.4,"y":-406.83}],"scale":[{"curve":0.25,"c3":0.75},{"time":0.1667,"y":1.04}]}}},"shuohua":{}}}