{"skeleton":{"hash":"ErPWQfVEWIwoD/hYhE7BN8202zY","spine":"3.8.99","x":-134.94,"y":1.31,"width":267.68,"height":357.71,"images":"","audio":""},"bones":[{"name":"root"},{"name":"bone","parent":"root","x":-5.56,"y":-43.27},{"name":"tu/a1/a4","parent":"bone","length":13.69,"rotation":90,"x":30.39,"y":245.73},{"name":"tu/a1/z1","parent":"tu/a1/a4","x":10.26,"y":3.81}],"slots":[{"name":"tu/a1/a1","bone":"bone","attachment":"tu/a5/a1"},{"name":"tu/a1/a2","bone":"tu/a1/a4","attachment":"tu/a5/a2"},{"name":"tu/a2/a3","bone":"tu/a1/z1","attachment":"tu/a5/a3"},{"name":"tu/a5/a9","bone":"bone","attachment":"tu/a5/a9"}],"skins":[{"name":"default","attachments":{"tu/a1/a1":{"tu/a5/a1":{"x":-12.88,"y":159.58,"width":233,"height":230}},"tu/a1/a2":{"tu/a5/a2":{"type":"mesh","uvs":[0.62206,0,0.78529,0.15213,0.81055,0.24568,0.82121,0.26967,0.97898,0.34964,1,0.43802,1,0.49728,0.94861,0.67156,0.89529,0.73796,0.78489,0.80519,0.68819,0.81099,0.64563,0.93341,0.51444,1,0.46184,1,0.33562,0.93579,0.29376,0.80697,0.03219,0.77009,0,0.6819,0,0.57472,0.04786,0.38356,0.10152,0.36731,0.12731,0.3458,0.1479,0.12983,0.22261,0.03359,0.30607,0,0.4898,0.80237],"triangles":[3,4,5,6,7,3,5,6,3,16,17,18,8,3,7,18,20,16,25,24,0,2,25,0,2,0,1,25,2,3,3,10,25,22,23,24,24,21,22,25,21,24,8,9,3,15,21,25,20,21,15,20,18,19,15,16,20,9,10,3,11,25,10,14,15,25,13,14,25,12,13,25,11,12,25],"vertices":[156.56,-27.79,131.15,-62.39,115.53,-67.75,111.52,-70.01,98.17,-103.46,83.41,-107.91,73.51,-107.91,44.41,-97.02,33.32,-85.72,22.09,-62.31,21.12,-41.81,0.68,-32.79,-10.44,-4.97,-10.44,6.18,0.28,32.94,21.79,41.81,27.95,97.26,42.68,104.09,60.58,104.09,92.5,93.94,95.22,82.56,98.81,77.1,134.88,72.73,150.95,56.89,156.56,39.2,22.56,0.25],"hull":25,"edges":[0,48,0,2,2,4,4,6,6,8,8,10,10,12,12,14,14,16,16,18,18,20,20,22,22,24,24,26,26,28,30,32,32,34,34,36,36,38,38,40,40,42,42,44,44,46,46,48,28,30],"width":212,"height":167}},"tu/a2/a3":{"tu/a5/a3":{"x":12.06,"y":-5.25,"rotation":-90,"width":27,"height":25},"tu/a5/z1":{"x":5.1,"y":-1.73,"rotation":-90,"width":27,"height":9},"tu/a5/z2":{"x":4.81,"y":-5.64,"rotation":-90,"width":27,"height":13}},"tu/a5/a9":{"tu/a5/a9":{"x":30.32,"y":253.02,"width":97,"height":100}}}}],"animations":{"chuxian":{"bones":{"bone":{"translate":[{"y":-403.22,"curve":0,"c3":0.75},{"time":0.2667,"y":12.08,"curve":0.25,"c3":0.75},{"time":0.4}],"scale":[{"time":0.1667,"curve":0.25,"c3":0.75},{"time":0.3,"y":1.05,"curve":0.25,"c3":0.75},{"time":0.4,"y":0.97,"curve":0.25,"c3":0.75},{"time":0.5,"curve":"stepped"},{"time":1}]}}},"daiji":{"bones":{"bone":{"scale":[{"curve":0.25,"c3":0.75},{"time":0.5667,"y":0.99,"curve":0.25,"c3":0.75},{"time":1.1333}]}}},"likai":{"bones":{"bone":{"translate":[{"curve":0,"c3":0.75},{"time":0.1333,"y":6.04,"curve":0.427},{"time":0.4,"y":-406.83}],"scale":[{"curve":0.25,"c3":0.75},{"time":0.1667,"y":1.04}]}}},"shuohua":{"slots":{"tu/a2/a3":{"attachment":[{"time":0.1333,"name":"tu/a5/z1"},{"time":0.2667,"name":"tu/a5/z2"},{"time":0.4,"name":"tu/a5/a3"}]}},"deform":{"default":{"tu/a1/a2":{"tu/a5/a2":[{"offset":23,"vertices":[-0.965,0,0,0,0,0.386,1.92999],"curve":"stepped"},{"time":0.1333,"curve":"stepped"},{"time":0.2667,"offset":22,"vertices":[0.386,1.06149,-2.31599,0,-2.31599,0,0.38601,-0.57901],"curve":"stepped"},{"time":0.4,"offset":23,"vertices":[-0.965,0,0,0,0,0.386,1.92999]}]}}}}}}