{"skeleton":{"hash":"vVXoADSG3rBLwjRT0JNa3JFC38o","spine":"3.8.99","x":-163.76,"y":0.56,"width":429,"height":390.81,"images":"","audio":""},"bones":[{"name":"root"},{"name":"bone","parent":"root","x":-5.56,"y":-43.27},{"name":"tu/a1/a4","parent":"bone","length":13.69,"rotation":90,"x":-4.39,"y":241.99},{"name":"tu/a1/z1","parent":"tu/a1/a4","x":26.72,"y":-6.66}],"slots":[{"name":"tu/a1/a1","bone":"bone","attachment":"tu/a6/a1"},{"name":"tu/a1/a2","bone":"tu/a1/a4","attachment":"tu/a6/a2"},{"name":"tu/a1/a4","bone":"tu/a1/a4","attachment":"tu/a6/a4"},{"name":"tu/a2/a3","bone":"tu/a1/z1","attachment":"tu/a6/a3"}],"skins":[{"name":"default","attachments":{"tu/a1/a1":{"tu/a6/a1":{"x":56.3,"y":190.32,"width":429,"height":293}},"tu/a1/a2":{"tu/a6/a2":{"type":"mesh","uvs":[0.55912,0,0.81467,0.23427,0.84984,0.37027,1,0.34762,1,0.5314,0.90498,0.62358,0.81267,0.6729,0.87079,0.80466,0.80158,0.98887,0.46343,1,0.30059,0.952,0.21985,0.75556,0.19468,0.71015,0.03643,0.65464,0,0.5123,0,0.4249,0.15861,0.42515,0.21903,0.18958,0.41337,0,0.52808,0.68503],"triangles":[14,15,16,2,3,4,5,2,4,13,14,16,19,1,2,18,0,17,6,2,5,17,0,1,6,19,2,19,17,1,16,17,19,12,13,16,19,12,16,11,12,19,10,11,19,7,8,19,7,19,6,9,10,19,8,9,19],"vertices":[192.64,-4,144.15,-55.11,115.99,-62.14,120.68,-92.17,82.64,-92.17,63.56,-73.17,53.35,-54.71,26.07,-66.33,-12.06,-52.49,-14.36,15.14,-4.42,47.71,36.24,63.86,45.64,68.89,57.13,100.54,86.59,107.83,104.68,107.83,104.63,76.1,153.4,64.02,192.64,25.15,50.84,2.21],"hull":19,"edges":[0,36,0,2,2,4,4,6,6,8,8,10,10,12,12,14,14,16,16,18,18,20,20,22,22,24,24,26,26,28,28,30,30,32,32,34,34,36],"width":200,"height":207}},"tu/a1/a4":{"tu/a6/a4":{"x":92.44,"y":3.73,"rotation":-90,"width":82,"height":25}},"tu/a2/a3":{"tu/a6/a3":{"x":4.58,"y":-7.5,"rotation":-90,"width":70,"height":40},"tu/a6/z1":{"x":6.58,"y":2.2,"rotation":-90,"width":67,"height":11},"tu/a6/z2":{"x":4.81,"y":11.06,"rotation":-90,"width":41,"height":39}}}}],"animations":{"chuxian":{"bones":{"bone":{"translate":[{"y":-403.22,"curve":0,"c3":0.75},{"time":0.2667,"y":12.08,"curve":0.25,"c3":0.75},{"time":0.4}],"scale":[{"time":0.1667,"curve":0.25,"c3":0.75},{"time":0.3,"y":1.05,"curve":0.25,"c3":0.75},{"time":0.4,"y":0.97,"curve":0.25,"c3":0.75},{"time":0.5,"curve":"stepped"},{"time":1}]}}},"daiji":{"bones":{"bone":{"scale":[{"curve":0.25,"c3":0.75},{"time":0.5667,"y":0.99,"curve":0.25,"c3":0.75},{"time":1.1333}]}}},"likai":{"bones":{"bone":{"translate":[{"curve":0,"c3":0.75},{"time":0.1333,"y":6.04,"curve":0.427},{"time":0.4,"y":-406.83}],"scale":[{"curve":0.25,"c3":0.75},{"time":0.1667,"y":1.04}]}}},"shuohua":{"slots":{"tu/a2/a3":{"attachment":[{"name":"tu/a6/z1"},{"time":0.1333,"name":"tu/a6/a3"},{"time":0.2667,"name":"tu/a6/z2"},{"time":0.4,"name":"tu/a6/z1"}]}},"deform":{"default":{"tu/a1/a2":{"tu/a6/a2":[{"curve":"stepped"},{"time":0.1333,"offset":15,"vertices":[-2.63197,-1.97401,-2.63197,-1.97401,0,0,3.28998],"curve":"stepped"},{"time":0.2667,"offset":14,"vertices":[-0.32899,4.935,-4.93498,5.92198,-5.59299,0.987,0.658,-4.27698],"curve":"stepped"},{"time":0.4}]}}}}}}