{"skeleton":{"hash":"MNHVjCrh1GcmV07sb1YBebK3AKY","spine":"3.8.99","x":-139.64,"y":0.43,"width":282,"height":321.02,"images":"","audio":""},"bones":[{"name":"root"},{"name":"bone","parent":"root","x":-5.56,"y":-43.27},{"name":"tu/a1/a4","parent":"bone","length":13.69,"rotation":90,"x":9.83,"y":215.92},{"name":"tu/a1/z1","parent":"tu/a1/a4","x":21.92,"y":6.14}],"slots":[{"name":"tu/a1/a1","bone":"bone","attachment":"tu/a7/a1"},{"name":"tu/a1/a2","bone":"tu/a1/a4","attachment":"tu/a7/a2"},{"name":"tu/a1/a4","bone":"tu/a1/a4","attachment":"tu/a7/a4"},{"name":"tu/a2/a3","bone":"tu/a1/z1","attachment":"tu/a7/a3"},{"name":"tu/a7/a5","bone":"tu/a1/a4","attachment":"tu/a7/a5"}],"skins":[{"name":"default","attachments":{"tu/a1/a1":{"tu/a7/a1":{"x":6.92,"y":153.19,"width":282,"height":219}},"tu/a1/a2":{"tu/a7/a2":{"type":"mesh","uvs":[0.56017,0,0.72587,0.161,0.84937,0.34949,0.93444,0.31596,1,0.37048,0.99999,0.48413,0.91037,0.56387,0.94475,0.73235,0.78719,0.91809,0.58229,1,0.38098,0.9901,0.1775,0.89758,0.03908,0.72758,0.09226,0.55495,1.0E-5,0.47375,0,0.34894,0.11432,0.31735,0.13215,0.34136,0.40335,0.00151,0.45823,0,0.46732,0.60103],"triangles":[17,14,15,17,15,16,4,2,3,13,14,17,5,6,2,4,5,2,1,20,19,1,19,0,20,1,2,20,2,6,18,19,20,17,18,20,13,17,20,12,13,20,20,6,7,11,12,20,8,20,7,10,11,20,9,10,20,8,9,20],"vertices":[148.79,-11.36,123.03,-38.2,92.88,-58.21,98.24,-71.99,89.52,-82.61,71.33,-82.61,58.57,-68.09,31.62,-73.66,1.9,-48.14,-11.21,-14.94,-9.62,17.67,5.18,50.63,32.38,73.06,60,64.44,72.99,79.39,92.96,79.39,98.02,60.87,94.18,57.98,148.55,14.04,148.79,5.15,52.63,3.68],"hull":20,"edges":[0,38,0,2,2,4,4,6,6,8,8,10,10,12,12,14,14,16,16,18,18,20,20,22,22,24,28,30,30,32,32,34,34,36,36,38,40,24,24,26,26,28,40,14],"width":162,"height":160}},"tu/a1/a4":{"tu/a7/a4":{"x":84.98,"y":-1.77,"rotation":-90,"width":54,"height":33}},"tu/a2/a3":{"tu/a7/a3":{"x":4.58,"y":-7.5,"rotation":-90,"width":83,"height":35},"tu/a7/z1":{"x":4.66,"y":-9.96,"rotation":-90,"width":59,"height":14},"tu/a7/z2":{"x":-1.91,"y":-13.58,"rotation":-90,"width":45,"height":39}},"tu/a7/a5":{"tu/a7/a5":{"x":43.16,"y":-1.65,"rotation":-90,"width":33,"height":89}}}}],"animations":{"chuxian":{"bones":{"bone":{"translate":[{"y":-403.22,"curve":0,"c3":0.75},{"time":0.2667,"y":12.08,"curve":0.25,"c3":0.75},{"time":0.4}],"scale":[{"time":0.1667,"curve":0.25,"c3":0.75},{"time":0.3,"y":1.05,"curve":0.25,"c3":0.75},{"time":0.4,"y":0.97,"curve":0.25,"c3":0.75},{"time":0.5,"curve":"stepped"},{"time":1}]}}},"daiji":{"bones":{"bone":{"scale":[{"curve":0.25,"c3":0.75},{"time":0.5667,"y":0.99,"curve":0.25,"c3":0.75},{"time":1.1333}]}}},"likai":{"bones":{"bone":{"translate":[{"curve":0,"c3":0.75},{"time":0.1333,"y":6.04,"curve":0.427},{"time":0.4,"y":-406.83}],"scale":[{"curve":0.25,"c3":0.75},{"time":0.1667,"y":1.04}]}}},"shuohua":{"slots":{"tu/a2/a3":{"attachment":[{"name":"tu/a7/z1"},{"time":0.1333,"name":"tu/a7/a3"},{"time":0.2667,"name":"tu/a7/z2"},{"time":0.4,"name":"tu/a7/z1"}]}},"deform":{"default":{"tu/a1/a2":{"tu/a7/a2":[{"curve":"stepped"},{"time":0.1333,"offset":15,"vertices":[-2.23999,0,-2.23999,-2.24001,-0.64002,-2.24001,0,0.96001,3.20001,0.32001,2.23999],"curve":"stepped"},{"time":0.2667,"offset":15,"vertices":[0.96001,-2.56001,0.64,-6.72,0,-6.72,0,0,0,-1.92,-2.23999],"curve":"stepped"},{"time":0.4}]}}}}}}