{"skeleton":{"hash":"L8RQtLM1ZqHsw803NBcKBhPK+1g","spine":"3.8.99","x":-118.51,"y":1.12,"width":236,"height":386.46,"images":"","audio":""},"bones":[{"name":"root"},{"name":"bone","parent":"root","x":-5.56,"y":-43.27},{"name":"tu/a1/a4","parent":"bone","length":13.69,"rotation":90,"x":-4.39,"y":241.99},{"name":"tu/a1/z1","parent":"tu/a1/a4","x":47.07,"y":-6.66}],"slots":[{"name":"tu/a1/a1","bone":"bone","attachment":"tu/a8/a1"},{"name":"tu/a1/a2","bone":"tu/a1/a4","attachment":"tu/a8/a2"},{"name":"tu/a8/a3","bone":"tu/a1/a4","attachment":"tu/a8/a3"},{"name":"tu/a2/a3","bone":"tu/a1/z1","attachment":"tu/a8/a4"}],"skins":[{"name":"default","attachments":{"tu/a1/a1":{"tu/a8/a1":{"x":5.05,"y":194.89,"width":236,"height":301}},"tu/a1/a2":{"tu/a8/a2":{"type":"mesh","uvs":[0.56833,0,0.70994,0.07837,0.81742,0.51777,0.92221,0.47241,1,0.57641,1,0.70967,0.88818,0.88387,0.77561,0.86817,0.7274,0.68693,0.68275,0.68369,0.6175,0.89043,0.54017,0.99999,0.44486,0.99999,0.34526,0.82206,0.31922,0.68635,0.28064,0.69035,0.19158,0.91186,2.9E-4,0.81258,0,0.55163,0.09432,0.47714,0.17691,0.5181,0.29917,0.04909,0.44809,0,0.50312,0.68791],"triangles":[1,22,0,1,23,14,22,20,21,1,14,20,22,1,20,23,1,2,8,9,2,9,23,2,15,20,14,2,3,4,5,2,4,8,2,5,18,15,17,20,18,19,15,18,20,13,14,23,6,7,8,5,6,8,10,23,9,23,12,13,16,17,15,10,11,23,11,12,23],"vertices":[188.85,-19.91,175.92,-44.26,103.42,-62.75,110.9,-80.77,93.75,-94.15,71.76,-94.15,43.01,-74.92,45.6,-55.56,75.51,-47.27,76.04,-39.59,41.93,-28.36,23.86,-15.06,23.86,1.33,53.21,18.46,75.61,22.94,74.95,29.58,38.4,44.9,54.78,77.8,97.83,77.85,110.13,61.62,103.37,47.42,180.75,26.39,188.85,0.77,75.35,-8.69],"hull":23,"edges":[0,44,0,2,2,4,4,6,6,8,8,10,10,12,18,20,20,22,22,24,24,26,26,28,32,34,34,36,36,38,38,40,40,42,42,44,28,30,30,32,12,14,14,16,16,18,46,24,22,46],"width":172,"height":165}},"tu/a2/a3":{"tu/a8/a4":{"x":14.83,"y":-0.83,"rotation":-90,"width":23,"height":30},"tu/a8/z1":{"x":12.89,"y":-1.31,"rotation":-90,"width":27,"height":32},"tu/a8/z2":{"x":9.72,"y":-3.33,"rotation":-90,"width":20,"height":31}},"tu/a8/a3":{"tu/a8/a3":{"x":120.45,"y":-7.84,"rotation":-90,"width":48,"height":35}}}}],"animations":{"chuxian":{"bones":{"bone":{"translate":[{"y":-403.22,"curve":0,"c3":0.75},{"time":0.2667,"y":12.08,"curve":0.25,"c3":0.75},{"time":0.4}],"scale":[{"time":0.1667,"curve":0.25,"c3":0.75},{"time":0.3,"y":1.05,"curve":0.25,"c3":0.75},{"time":0.4,"y":0.97,"curve":0.25,"c3":0.75},{"time":0.5,"curve":"stepped"},{"time":1}]}}},"daiji":{"bones":{"bone":{"scale":[{"curve":0.25,"c3":0.75},{"time":0.5667,"y":0.99,"curve":0.25,"c3":0.75},{"time":1.1333}]}}},"likai":{"bones":{"bone":{"translate":[{"curve":0,"c3":0.75},{"time":0.1333,"y":6.04,"curve":0.427},{"time":0.4,"y":-406.83}],"scale":[{"curve":0.25,"c3":0.75},{"time":0.1667,"y":1.04}]}}},"shuohua":{"slots":{"tu/a2/a3":{"attachment":[{"time":0.1333,"name":"tu/a8/z1"},{"time":0.2667,"name":"tu/a8/z2"},{"time":0.4,"name":"tu/a8/z1"}]}},"deform":{"default":{"tu/a1/a2":{"tu/a8/a2":[{"curve":"stepped"},{"time":0.1333,"offset":21,"vertices":[-2.06999,-0.92,-0.23,-0.92,-0.23,0,2.06999],"curve":"stepped"},{"time":0.2667,"offset":20,"vertices":[0.69,1.37999,-3.67999,0,-3.67999,0,0,-1.61],"curve":"stepped"},{"time":0.4}]}}}}}}