{"skeleton":{"hash":"AN2ROaqnbQkWYY2FbJtT1+r5IjA","spine":"3.8.99","x":-167.12,"y":0.04,"width":334,"height":453.91,"images":"","audio":""},"bones":[{"name":"root"},{"name":"bone","parent":"root","x":-5.56,"y":-43.27},{"name":"tu/a1/a4","parent":"bone","length":13.69,"rotation":90,"x":4.41,"y":350.06},{"name":"tu/a1/z1","parent":"tu/a1/a4","x":39.92,"y":3.34}],"slots":[{"name":"tu/a1/a1","bone":"bone","attachment":"tu/a9/a1"},{"name":"tu/a1/a2","bone":"tu/a1/a4","attachment":"tu/a9/a2"},{"name":"tu/a1/a4","bone":"tu/a1/a4","attachment":"tu/a9/a3"},{"name":"tu/a2/a3","bone":"tu/a1/z1","attachment":"tu/a9/a4"}],"skins":[{"name":"default","attachments":{"tu/a1/a1":{"tu/a9/a1":{"x":5.44,"y":235.31,"width":334,"height":384}},"tu/a1/a2":{"tu/a9/a2":{"type":"mesh","uvs":[0.43936,0,0.62616,0,0.85952,0.13394,0.85972,0.36001,1,0.46253,0.99999,0.60851,0.84224,0.62986,0.86943,0.79029,0.6804,0.95313,0.52387,1,0.47494,1,0.31381,0.9547,0.1227,0.77873,0.14567,0.62836,0.00666,0.62511,0,0.48474,0.17001,0.11683,0.29963,0.04265,0.43198,1.0E-5,0.50161,0.67374],"triangles":[4,6,3,13,14,15,16,13,15,0,1,3,3,1,2,5,6,4,0,3,17,6,19,3,17,18,0,3,19,17,16,17,19,13,16,19,19,6,7,8,19,7,19,12,13,10,11,19,11,12,19,19,9,10,8,9,19],"vertices":[147.16,6.11,147.16,-17.8,127.2,-47.67,93.52,-47.69,78.25,-65.65,56.49,-65.65,53.31,-45.46,29.41,-48.94,5.15,-24.74,-1.84,-4.71,-1.84,1.56,4.91,22.18,31.13,46.64,53.54,43.7,54.02,61.5,74.94,62.35,129.75,40.59,140.81,24,147.16,7.06,46.78,-1.86],"hull":19,"edges":[0,36,0,2,2,4,4,6,6,8,8,10,14,16,16,18,18,20,20,22,22,24,28,30,30,32,32,34,34,36,10,12,12,14,24,26,26,28],"width":128,"height":149}},"tu/a1/a4":{"tu/a9/a3":{"x":98.31,"y":-1.16,"rotation":-90,"width":67,"height":28}},"tu/a2/a3":{"tu/a9/a4":{"x":4.58,"y":-5.13,"rotation":-90,"width":36,"height":5},"tu/a9/z1":{"x":2.57,"y":-4.75,"rotation":-90,"width":18,"height":14},"tu/a9/z2":{"x":2.94,"y":-6.83,"rotation":-90,"width":37,"height":10}}}}],"animations":{"chuxian":{"bones":{"bone":{"translate":[{"y":-403.22,"curve":0,"c3":0.75},{"time":0.2667,"y":12.08,"curve":0.25,"c3":0.75},{"time":0.4}],"scale":[{"time":0.1667,"curve":0.25,"c3":0.75},{"time":0.3,"y":1.05,"curve":0.25,"c3":0.75},{"time":0.4,"y":0.97,"curve":0.25,"c3":0.75},{"time":0.5,"curve":"stepped"},{"time":1}]}}},"daiji":{"bones":{"bone":{"scale":[{"curve":0.25,"c3":0.75},{"time":0.5667,"y":0.99,"curve":0.25,"c3":0.75},{"time":1.1333}]}}},"likai":{"bones":{"bone":{"translate":[{"curve":0,"c3":0.75},{"time":0.1333,"y":6.04,"curve":0.427},{"time":0.4,"y":-406.83}],"scale":[{"curve":0.25,"c3":0.75},{"time":0.1667,"y":1.04}]}}},"shuohua":{"slots":{"tu/a2/a3":{"attachment":[{"time":0.1333,"name":"tu/a9/z1"},{"time":0.2667,"name":"tu/a9/z2"},{"time":0.4,"name":"tu/a9/a4"}]}},"deform":{"default":{"tu/a1/a2":{"tu/a9/a2":[{"curve":"stepped"},{"time":0.1333,"offset":15,"vertices":[1.49099,-2.76901,0,-2.76901,0,-2.76901,0,-2.76901,0,0,-1.70399],"curve":"stepped"},{"time":0.2667,"offset":15,"vertices":[-1.278,-0.42599,0,-0.42599,0,-0.42599,0,-0.42599,0,0,1.491],"curve":"stepped"},{"time":0.4}]}}}}}}