{"skeleton":{"hash":"0L4O0OZRUFJrk41/4UW9Y7mDm0U","spine":"3.8.99","x":-401.12,"y":0.39,"width":802,"height":513.12,"images":"","audio":"F:/工作/2022/煎饼/人物"},"bones":[{"name":"root"},{"name":"bone","parent":"root","x":-5.56,"y":-43.27},{"name":"tu/a1/a4","parent":"bone","length":13.69,"rotation":90,"x":4.41,"y":350.06},{"name":"tu/a1/z1","parent":"tu/a1/a4","x":51.43,"y":2.29},{"name":"tu/ab1/a4","parent":"root","length":14.55,"rotation":90,"x":-182.05,"y":427.71},{"name":"tu/ab1/a7","parent":"tu/ab1/a4","length":8.1,"rotation":-86.88,"x":-0.24,"y":-10.17},{"name":"tu/ab1/a8","parent":"tu/ab1/a4","length":6.76,"rotation":90,"x":2.12,"y":8.21}],"slots":[{"name":"tu/a1/a1","bone":"bone","attachment":"tu/ab1/a5"},{"name":"tu/a1/a2","bone":"tu/a1/a4","attachment":"tu/ab1/a2"},{"name":"tu/ab1/a7","bone":"tu/ab1/a7","attachment":"tu/ab1/a7"},{"name":"tu/ab1/a8","bone":"tu/ab1/a8","attachment":"tu/ab1/a6"},{"name":"tu/a1/a4","bone":"tu/a1/a4","attachment":"tu/ab1/a4"},{"name":"tu/a2/a3","bone":"tu/a1/z1","attachment":"tu/ab1/a1"},{"name":"tu/ab1/a6","bone":"tu/ab1/a4","attachment":"tu/ab1/a3"}],"skins":[{"name":"default","attachments":{"tu/a1/a1":{"tu/ab1/a5":{"x":5.44,"y":253.16,"width":802,"height":419}},"tu/a1/a2":{"tu/ab1/a2":{"x":117.71,"y":-1.25,"rotation":-90,"width":100,"height":178}},"tu/a1/a4":{"tu/ab1/a4":{"x":103.92,"y":-1.16,"rotation":-90,"width":79,"height":14}},"tu/a2/a3":{"tu/a9/z1":{"x":8.69,"y":-3.73,"scaleX":0.6528,"scaleY":0.6528,"rotation":-90,"width":18,"height":14},"tu/a9/z2":{"x":8.04,"y":-4.59,"scaleX":0.694,"scaleY":0.694,"rotation":-89.94,"width":37,"height":10},"tu/ab1/a1":{"x":10.7,"y":-6.35,"rotation":-90,"width":33,"height":8}},"tu/ab1/a6":{"tu/ab1/a3":{"x":3.05,"y":-0.33,"rotation":-90,"width":30,"height":36}},"tu/ab1/a7":{"tu/ab1/a7":{"x":27.06,"y":-3.63,"rotation":-3.12,"width":60,"height":44}},"tu/ab1/a8":{"tu/ab1/a6":{"x":28.32,"y":2.75,"rotation":-180,"width":64,"height":46}}}}],"animations":{"chuxian":{"bones":{"bone":{"translate":[{"y":-403.22,"curve":0,"c3":0.75},{"time":0.2667,"y":12.08,"curve":0.25,"c3":0.75},{"time":0.4}],"scale":[{"time":0.1667,"curve":0.25,"c3":0.75},{"time":0.3,"y":1.05,"curve":0.25,"c3":0.75},{"time":0.4,"y":0.97,"curve":0.25,"c3":0.75},{"time":0.5}]},"tu/ab1/a4":{"translate":[{"y":-281.49},{"time":1}]}}},"daiji":{"bones":{"bone":{"scale":[{"curve":0.25,"c3":0.75},{"time":0.5667,"y":0.99,"curve":0.25,"c3":0.75},{"time":1.1333}]},"tu/ab1/a8":{"rotate":[{"angle":24.36,"curve":0.25,"c3":0.75},{"time":0.3,"angle":-17.83,"curve":0.25,"c3":0.75},{"time":0.5667,"angle":24.36,"curve":0.25,"c3":0.75},{"time":0.8667,"angle":-17.83,"curve":0.25,"c3":0.75},{"time":1.1333,"angle":24.36}]},"tu/ab1/a7":{"rotate":[{"angle":-32.21,"curve":0.25,"c3":0.75},{"time":0.3,"angle":15.61,"curve":0.25,"c3":0.75},{"time":0.5667,"angle":-32.21,"curve":0.25,"c3":0.75},{"time":0.8667,"angle":15.61,"curve":0.25,"c3":0.75},{"time":1.1333,"angle":-32.21}]},"tu/ab1/a4":{"translate":[{"curve":0.25,"c3":0.75},{"time":0.2667,"y":-11.57,"curve":0.25,"c3":0.75},{"time":0.5667,"curve":0.25,"c3":0.75},{"time":0.8333,"y":-11.57,"curve":0.25,"c3":0.75},{"time":1.1333}]}}},"likai":{"slots":{"tu/ab1/a6":{"attachment":[{"time":0.4,"name":null}]},"tu/ab1/a7":{"attachment":[{"time":0.4,"name":null}]},"tu/ab1/a8":{"attachment":[{"time":0.4,"name":null}]}},"bones":{"bone":{"translate":[{"curve":0,"c3":0.75},{"time":0.1333,"y":6.04,"curve":0.427},{"time":0.4,"y":-406.83}],"scale":[{"curve":0.25,"c3":0.75},{"time":0.1667,"y":1.04}]},"tu/ab1/a8":{"rotate":[{"angle":27.25},{"time":0.1,"angle":-43.87},{"time":0.2,"angle":27.25},{"time":0.3,"angle":-43.87},{"time":0.4,"angle":27.25}]},"tu/ab1/a7":{"rotate":[{"angle":-46.16},{"time":0.1,"angle":42.66},{"time":0.2,"angle":-46.16},{"time":0.3,"angle":42.66},{"time":0.4,"angle":-46.16}]},"tu/ab1/a4":{"translate":[{"time":0.1667},{"time":0.4,"y":-121.4}],"scale":[{"time":0.2333},{"time":0.4,"x":0.341,"y":0.341}]}}},"shuohua":{"slots":{"tu/a2/a3":{"attachment":[{"time":0.1333,"name":"tu/a9/z1"},{"time":0.2667,"name":"tu/a9/z2"},{"time":0.4,"name":"tu/ab1/a1"}]}},"bones":{"tu/ab1/a7":{"rotate":[{"angle":-32.21,"curve":0.25,"c3":0.75},{"time":0.2,"angle":15.61,"curve":0.25,"c3":0.75},{"time":0.4,"angle":-32.21}]},"tu/ab1/a8":{"rotate":[{"angle":24.36,"curve":0.25,"c3":0.75},{"time":0.2,"angle":-17.83,"curve":0.25,"c3":0.75},{"time":0.4,"angle":24.36}]},"tu/ab1/a4":{"translate":[{"curve":0.25,"c3":0.75},{"time":0.2,"y":-11.57,"curve":0.25,"c3":0.75},{"time":0.4}]}}}}}