{
	"SHOP_COST": {
		"id": "SHOP_COST",
		"desc": "每日租金",
		"number": 5
	},
	"DEFAULT_GOLD": {
		"id": "DEFAULT_GOLD",
		"desc": "新玩家初始钱币值",
		"number": 0
	},
	"VIDEO_ADD_GOLD": {
		"id": "VIDEO_ADD_GOLD",
		"desc": "视频增加钱币",
		"number": 15
	},
	"VIDEO_ADD_DIAMOND": {
		"id": "VIDEO_ADD_DIAMOND",
		"desc": "视频增加钻石",
		"number": 5
	},
	"TIME_DEFAULT": {
		"id": "TIME_DEFAULT",
		"desc": "时间流逝_首日秒数",
		"number": 70
	},
	"TIME_EACHADD": {
		"id": "TIME_EACHADD",
		"desc": "时间流逝_每日递增秒数",
		"number": 4
	},
	"TIME_MAX": {
		"id": "TIME_MAX",
		"desc": "时间流逝_秒数上限",
		"number": 120
	},
	"BOOK_DIAMOND": {
		"id": "BOOK_DIAMOND",
		"desc": "图鉴_免费奖励钻石数",
		"number": 2
	},
	"BOOK_VIDEO_DIAMOND": {
		"id": "BOOK_VIDEO_DIAMOND",
		"desc": "图鉴_视频奖励钻石数",
		"number": 10
	},
	"SPECIAL_FIRST": {
		"id": "SPECIAL_FIRST",
		"desc": "特殊客人首次出现天数",
		"number": 4
	},
	"SPECIAL_INTER": {
		"id": "SPECIAL_INTER",
		"desc": "特殊客人出现间隔天数",
		"number": 6
	},
	"INSERT_CD": {
		"id": "INSERT_CD",
		"desc": "插屏cd时长（秒）",
		"number": 170
	}
}