{
	"1": {
		"id": 1,
		"name": "原味煎饼果子",
		"sliverId": [
			1
		],
		"price": 8,
		"showAble": false
	},
	"2": {
		"id": 2,
		"name": "原味煎饼果子",
		"sliverId": [
			2
		],
		"price": 9,
		"showAble": false
	},
	"3": {
		"id": 3,
		"name": "原味煎饼果子",
		"sliverId": [
			3
		],
		"price": 8,
		"showAble": true
	},
	"4": {
		"id": 4,
		"name": "夏威夷肉松煎饼",
		"sliverId": [
			1,
			4
		],
		"price": 10,
		"showAble": false
	},
	"5": {
		"id": 5,
		"name": "夏威夷肉松煎饼",
		"sliverId": [
			2,
			4
		],
		"price": 11,
		"showAble": false
	},
	"6": {
		"id": 6,
		"name": "夏威夷肉松煎饼",
		"sliverId": [
			3,
			4
		],
		"price": 10,
		"showAble": true
	},
	"7": {
		"id": 7,
		"name": "辣条煎饼",
		"sliverId": [
			1,
			10
		],
		"price": 10,
		"showAble": false
	},
	"8": {
		"id": 8,
		"name": "辣条煎饼",
		"sliverId": [
			2,
			10
		],
		"price": 11,
		"showAble": false
	},
	"9": {
		"id": 9,
		"name": "辣条煎饼",
		"sliverId": [
			3,
			10
		],
		"price": 10,
		"showAble": true
	},
	"10": {
		"id": 10,
		"name": "辣条肉松煎饼",
		"sliverId": [
			1,
			4,
			10
		],
		"price": 14,
		"showAble": false
	},
	"11": {
		"id": 11,
		"name": "辣条肉松煎饼",
		"sliverId": [
			2,
			4,
			10
		],
		"price": 14,
		"showAble": false
	},
	"12": {
		"id": 12,
		"name": "辣条肉松煎饼",
		"sliverId": [
			3,
			4,
			10
		],
		"price": 13,
		"showAble": true
	},
	"13": {
		"id": 13,
		"name": "绝味鸡柳煎饼",
		"sliverId": [
			1,
			5
		],
		"price": 11,
		"showAble": false
	},
	"14": {
		"id": 14,
		"name": "绝味鸡柳煎饼",
		"sliverId": [
			2,
			5
		],
		"price": 12,
		"showAble": false
	},
	"15": {
		"id": 15,
		"name": "绝味鸡柳煎饼",
		"sliverId": [
			3,
			5
		],
		"price": 11,
		"showAble": true
	},
	"16": {
		"id": 16,
		"name": "菜鸡煎饼",
		"sliverId": [
			1,
			5,
			11
		],
		"price": 14,
		"showAble": false
	},
	"17": {
		"id": 17,
		"name": "菜鸡煎饼",
		"sliverId": [
			2,
			5,
			11
		],
		"price": 15,
		"showAble": false
	},
	"18": {
		"id": 18,
		"name": "菜鸡煎饼",
		"sliverId": [
			3,
			5,
			11
		],
		"price": 14,
		"showAble": true
	},
	"19": {
		"id": 19,
		"name": "臭豆腐煎饼",
		"sliverId": [
			1,
			14
		],
		"price": 10,
		"showAble": false
	},
	"20": {
		"id": 20,
		"name": "臭豆腐煎饼",
		"sliverId": [
			2,
			14
		],
		"price": 11,
		"showAble": false
	},
	"21": {
		"id": 21,
		"name": "臭豆腐煎饼",
		"sliverId": [
			3,
			14
		],
		"price": 10,
		"showAble": true
	},
	"22": {
		"id": 22,
		"name": "豆鸡煎饼",
		"sliverId": [
			1,
			5,
			14
		],
		"price": 14,
		"showAble": false
	},
	"23": {
		"id": 23,
		"name": "豆鸡煎饼",
		"sliverId": [
			2,
			5,
			14
		],
		"price": 15,
		"showAble": false
	},
	"24": {
		"id": 24,
		"name": "豆鸡煎饼",
		"sliverId": [
			3,
			5,
			14
		],
		"price": 14,
		"showAble": true
	},
	"25": {
		"id": 25,
		"name": "又汇肠肉松煎饼",
		"sliverId": [
			1,
			4,
			7
		],
		"price": 13,
		"showAble": false
	},
	"26": {
		"id": 26,
		"name": "又汇肠肉松煎饼",
		"sliverId": [
			2,
			4,
			7
		],
		"price": 14,
		"showAble": false
	},
	"27": {
		"id": 27,
		"name": "又汇肠肉松煎饼",
		"sliverId": [
			3,
			4,
			7
		],
		"price": 13,
		"showAble": true
	},
	"28": {
		"id": 28,
		"name": "小紫菜鸡煎饼",
		"sliverId": [
			1,
			5,
			17
		],
		"price": 14,
		"showAble": false
	},
	"29": {
		"id": 29,
		"name": "小紫菜鸡煎饼",
		"sliverId": [
			2,
			5,
			17
		],
		"price": 15,
		"showAble": false
	},
	"30": {
		"id": 30,
		"name": "小紫菜鸡煎饼",
		"sliverId": [
			3,
			5,
			17
		],
		"price": 14,
		"showAble": true
	},
	"31": {
		"id": 31,
		"name": "培根鸡柳煎饼",
		"sliverId": [
			1,
			5,
			6
		],
		"price": 16,
		"showAble": false
	},
	"32": {
		"id": 32,
		"name": "培根鸡柳煎饼",
		"sliverId": [
			2,
			5,
			6
		],
		"price": 17,
		"showAble": false
	},
	"33": {
		"id": 33,
		"name": "培根鸡柳煎饼",
		"sliverId": [
			3,
			5,
			6
		],
		"price": 16,
		"showAble": true
	},
	"34": {
		"id": 34,
		"name": "虾仁培根煎饼",
		"sliverId": [
			1,
			8,
			6
		],
		"price": 18,
		"showAble": false
	},
	"35": {
		"id": 35,
		"name": "虾仁培根煎饼",
		"sliverId": [
			2,
			8,
			6
		],
		"price": 19,
		"showAble": false
	},
	"36": {
		"id": 36,
		"name": "虾仁培根煎饼",
		"sliverId": [
			3,
			8,
			6
		],
		"price": 18,
		"showAble": true
	},
	"37": {
		"id": 37,
		"name": "虾鸡煎饼",
		"sliverId": [
			1,
			8,
			5
		],
		"price": 17,
		"showAble": false
	},
	"38": {
		"id": 38,
		"name": "虾鸡煎饼",
		"sliverId": [
			2,
			8,
			5
		],
		"price": 18,
		"showAble": false
	},
	"39": {
		"id": 39,
		"name": "虾鸡煎饼",
		"sliverId": [
			3,
			8,
			5
		],
		"price": 17,
		"showAble": true
	},
	"40": {
		"id": 40,
		"name": "海鲜豆腐煎饼",
		"sliverId": [
			1,
			14,
			9,
			8
		],
		"price": 21,
		"showAble": false
	},
	"41": {
		"id": 41,
		"name": "海鲜豆腐煎饼",
		"sliverId": [
			2,
			14,
			9,
			8
		],
		"price": 22,
		"showAble": false
	},
	"42": {
		"id": 42,
		"name": "海鲜豆腐煎饼",
		"sliverId": [
			3,
			14,
			9,
			8
		],
		"price": 21,
		"showAble": true
	},
	"43": {
		"id": 43,
		"name": "全家福豪华煎饼",
		"sliverId": [
			1,
			4,
			5,
			6,
			7,
			8,
			9,
			11,
			12,
			13,
			15,
			16,
			17
		],
		"price": 55,
		"showAble": false
	},
	"44": {
		"id": 44,
		"name": "全家福豪华煎饼",
		"sliverId": [
			2,
			4,
			5,
			6,
			7,
			8,
			9,
			11,
			12,
			13,
			15,
			16,
			17
		],
		"price": 56,
		"showAble": false
	},
	"45": {
		"id": 45,
		"name": "全家福豪华煎饼",
		"sliverId": [
			3,
			4,
			5,
			6,
			7,
			8,
			9,
			11,
			12,
			13,
			15,
			16,
			17
		],
		"price": 55,
		"showAble": true
	},
	"46": {
		"id": 46,
		"name": "芝芝肉松饼",
		"sliverId": [
			1,
			4,
			18
		],
		"price": 13,
		"showAble": false
	},
	"47": {
		"id": 47,
		"name": "芝芝肉松饼",
		"sliverId": [
			2,
			4,
			18
		],
		"price": 14,
		"showAble": false
	},
	"48": {
		"id": 48,
		"name": "芝芝肉松饼",
		"sliverId": [
			3,
			4,
			18
		],
		"price": 13,
		"showAble": true
	},
	"49": {
		"id": 49,
		"name": "豆腐葱葱饼",
		"sliverId": [
			1,
			14,
			19
		],
		"price": 13,
		"showAble": false
	},
	"50": {
		"id": 50,
		"name": "豆腐葱葱饼",
		"sliverId": [
			2,
			14,
			19
		],
		"price": 14,
		"showAble": false
	},
	"51": {
		"id": 51,
		"name": "豆腐葱葱饼",
		"sliverId": [
			3,
			14,
			19
		],
		"price": 13,
		"showAble": true
	},
	"52": {
		"id": 52,
		"name": "香亲香菜煎饼",
		"sliverId": [
			1,
			20
		],
		"price": 10,
		"showAble": false
	},
	"53": {
		"id": 53,
		"name": "香亲香菜煎饼",
		"sliverId": [
			2,
			20
		],
		"price": 11,
		"showAble": false
	},
	"54": {
		"id": 54,
		"name": "香亲香菜煎饼",
		"sliverId": [
			3,
			20
		],
		"price": 10,
		"showAble": true
	},
	"55": {
		"id": 55,
		"name": "吃嘛嘛香煎饼",
		"sliverId": [
			1,
			5,
			18,
			19,
			20
		],
		"price": 20,
		"showAble": false
	},
	"56": {
		"id": 56,
		"name": "吃嘛嘛香煎饼",
		"sliverId": [
			2,
			5,
			18,
			19,
			20
		],
		"price": 21,
		"showAble": false
	},
	"57": {
		"id": 57,
		"name": "吃嘛嘛香煎饼",
		"sliverId": [
			3,
			5,
			18,
			19,
			20
		],
		"price": 20,
		"showAble": true
	}
}