{
	"1": {
		"id": 1,
		"tag": 0,
		"name": "遮阳门",
		"type": 1,
		"icon": "icon_men_1",
		"scene": "bg_men_1",
		"video": 1
	},
	"2": {
		"id": 2,
		"tag": 0,
		"name": "木门",
		"type": 1,
		"icon": "icon_men_0",
		"scene": "bg_men_0"
	},
	"3": {
		"id": 3,
		"tag": 0,
		"name": "毛粉圈绒地板",
		"type": 3,
		"icon": "icon_diban_1",
		"scene": "bg_diban_1",
		"gold": 60
	},
	"4": {
		"id": 4,
		"tag": 0,
		"name": "木地板",
		"type": 3,
		"icon": "icon_diban_0",
		"scene": "bg_diban_0"
	},
	"5": {
		"id": 5,
		"tag": 0,
		"name": "粉菱格墙纸",
		"type": 2,
		"icon": "icon_qiang_1",
		"scene": "bg_qiang_1",
		"diamond": 30
	},
	"6": {
		"id": 6,
		"tag": 0,
		"name": "红漆砖墙",
		"type": 2,
		"icon": "icon_qiang_0",
		"scene": "bg_qiang_0"
	},
	"7": {
		"id": 7,
		"tag": 0,
		"name": "实木柜台",
		"type": 4,
		"icon": "icon_qiantai_1",
		"scene": "bg_qiantai_1",
		"video": 1
	},
	"8": {
		"id": 8,
		"tag": 0,
		"name": "标配柜台",
		"type": 4,
		"icon": "icon_qiantai_0",
		"scene": "bg_qiantai_0"
	},
	"9": {
		"id": 9,
		"tag": 0,
		"name": "猫猫门牌",
		"type": 12,
		"icon": "icon_menpai_1",
		"scene": "menpai1",
		"diamond": 30
	},
	"10": {
		"id": 10,
		"tag": 0,
		"name": "标配门牌",
		"type": 12,
		"icon": "icon_menpai_0",
		"scene": "menpai0"
	},
	"11": {
		"id": 11,
		"tag": 0,
		"name": "吊灯天花板",
		"type": 0,
		"icon": "icon_tianhua_1",
		"scene": "bg_tianhua_1",
		"gold": 60
	},
	"12": {
		"id": 12,
		"tag": 0,
		"name": "标配天花板",
		"type": 0,
		"icon": "icon_tianhua_0",
		"scene": "bg_tianhua_0"
	},
	"13": {
		"id": 13,
		"tag": 1,
		"name": "粉格窗帘",
		"type": 13,
		"icon": "icon_chuanglian_1",
		"scene": "bg_chuanglian_1",
		"gold": 60
	},
	"14": {
		"id": 14,
		"tag": 1,
		"name": "小熊猫地毯",
		"type": 10,
		"icon": "icon_ditan_1",
		"scene": "bg_ditan_1",
		"video": 1
	},
	"15": {
		"id": 15,
		"tag": 1,
		"name": "娃娃机",
		"type": 7,
		"icon": "icon_wawaji_1",
		"scene": "bg_wawaji_1",
		"video": 1
	},
	"16": {
		"id": 16,
		"tag": 1,
		"name": "扭蛋机",
		"type": 8,
		"icon": "icon_niudanji_1",
		"scene": "bg_niudanji_1",
		"gold": 100
	},
	"17": {
		"id": 17,
		"tag": 1,
		"name": "公主椅·前",
		"type": 5,
		"icon": "icon_zhuoyia_1",
		"scene": "bg_zhuoyia_1",
		"gold": 60
	},
	"18": {
		"id": 18,
		"tag": 1,
		"name": "公主椅·后",
		"type": 6,
		"icon": "icon_zhuoyib_1",
		"scene": "bg_zhuoyib_1",
		"gold": 100
	},
	"19": {
		"id": 19,
		"tag": 1,
		"name": "花挂画",
		"type": 9,
		"icon": "icon_guahua_1",
		"scene": "bg_guahua_1",
		"gold": 60
	},
	"20": {
		"id": 20,
		"tag": 1,
		"name": "绿植",
		"type": 14,
		"icon": "icon_zhiwu_1",
		"scene": "bg_zhiwu_1",
		"gold": 60
	},
	"21": {
		"id": 21,
		"tag": 1,
		"name": "彩虹海报",
		"type": 15,
		"icon": "icon_tiezhi_1",
		"scene": "bg_tiezhi_1",
		"gold": 60
	},
	"22": {
		"id": 22,
		"tag": 2,
		"name": "猫饼袋",
		"type": 11,
		"icon": "icon_yuanhua_zhuwanfa_baozhuangdai2_1",
		"scene": "yuanhua_zhuwanfa_baozhuangdai_1",
		"gold": 60
	},
	"23": {
		"id": 23,
		"tag": 2,
		"name": "大饼袋",
		"type": 11,
		"icon": "icon_yuanhua_zhuwanfa_baozhuangdai2",
		"scene": "yuanhua_zhuwanfa_baozhuangdai"
	}
}