{
	"1": {
		"id": 1,
		"bookId1": 1,
		"talk1": "怎么会有人来和我这个国际煎饼大师抢生意？让我看看你手艺如何！",
		"talk2": "你的煎饼能有多牛？来一个原味！",
		"talk3": "原味是最基本的，带有辣椒酱和薄脆。当然也有其他酱料等你发掘。",
		"finish1": "我承认你是有那么点天赋，但还差得远了！",
		"finish1Tip": 1,
		"finish2": "你是不是没有听懂我说的话吗！我要的是原味的煎饼，你给的是什么啊！",
		"finish3": "为什么我的比别人的少种食材啊！",
		"finish4": "老板，这煎饼长得很不地道啊。",
		"finish5": "完美，做为一个煎饼，完美得难吃，就像穿了一年没洗的皮鞋，加82年的臭袜子，一样又难闻又难吃。"
	},
	"2": {
		"id": 2,
		"bookId1": 3,
		"talk1": "一个煎饼，不用加其他料了，最简单传统的煎饼就好。",
		"talk2": "一个原味煎饼果子。加点肉香酱料。",
		"talk3": "薄脆，鸡蛋和烤肉酱。",
		"finish1": "真香啊，我都饿馋了。",
		"finish1Tip": 1,
		"finish2": "你玩我呢！我要的是一个加了鸡蛋和烤肉酱的煎饼，你给的是啥。",
		"finish3": "嗯，味道不对啊！卧*，我的煎饼为啥少几种材料啊。",
		"finish4": "老板啊，别人的煎饼都比这好看多了。",
		"finish5": "看起来还行。"
	},
	"3": {
		"id": 3,
		"bookId1": 3,
		"talk1": "来个香喷喷的大煎饼！",
		"talk2": "好吧，就是肉香味的大煎饼。",
		"talk3": "我想要，鸡蛋，薄脆，还有烤肉酱。",
		"finish1": "哎哟不错哦，就是这个味！",
		"finish1Tip": 0.75,
		"finish2": "哇！老板你真地道，我要一个最便宜的原味煎饼，你给我一个其他口味的。",
		"finish3": "我祝你，生意兴隆，开门大吉，顾客越来越少。",
		"finish4": "你真是比我家隔壁的张大爷还要节省啊！！！",
		"finish5": "嗯……还可以。"
	},
	"4": {
		"id": 4,
		"bookId1": 3,
		"sliverId": [
			1,
			2
		],
		"talk1": "我想要个煎饼，不要酱也不要料。",
		"talk2": "来一份面糊+鸡蛋。",
		"talk3": "只要面糊和鸡蛋的饼就够了。",
		"finish1": "这味儿真正！",
		"finish1Tip": 1,
		"finish2": "老板是看我煎饼太素了给我加料吗？",
		"finish3": "啊，你个奸商，本来就困难了，还被你个奸商坑，唉！",
		"finish4": "唉，算了算了，真是虎落平阳被犬欺啊。",
		"finish5": "这才叫原味！",
		"finish5Tip": 2
	},
	"5": {
		"id": 5,
		"bookId1": 3,
		"talk1": "药药切克闹，煎饼果子来一套，传统煎饼来一份。",
		"talk2": "哎哟这都不懂？菜单上的原味煎饼，来电烤肉酱更妙。",
		"talk3": "...涂烤肉酱的鸡蛋薄脆煎饼。",
		"finish1": "我搬到这里就是为了这口煎饼。",
		"finish1Tip": 0.5,
		"finish2": "药药切克劳，隔壁刚好有家医院，你去看一下耳朵吧。",
		"finish3": "药药切克闹，这家的老板是个奸商啊，偷工减料不说，还...",
		"finish4": "药药切克劳，下次材料放好点。",
		"finish5": "老板你一点都不懂嘻哈，这样怎么能做出好饼呢？"
	},
	"6": {
		"id": 6,
		"bookId1": 7,
		"talk1": "她要结婚了，新郎不是我，来份绝情煎饼压压惊。",
		"talk2": "就是把辣的都带上就行。",
		"talk3": "辣条煎饼，涂辣椒酱的，葱花随便！",
		"finish1": "好吃！",
		"finish1Tip": 1,
		"finish2": "嗯，是我的错觉吗，好像多了一些其他的料。",
		"finish3": "唉，为何这煎饼难以下咽啊！",
		"finish4": "老板有酒吗？算了，她不让我喝酒。",
		"finish5": "一片…两片…看来这情，想断都断不了。"
	},
	"7": {
		"id": 7,
		"bookId1": 6,
		"talk1": "盼这一口好多天了，来份夏威夷煎饼吧。",
		"talk2": "肉香味的夏威夷肉松煎饼，你应该会做吧？",
		"talk3": "烤肉酱的鸡蛋面糊，里面包着肉松那种。",
		"finish1": "这跟当年在夏威夷，爸爸给我的煎饼是同一个没错了！",
		"finish1Tip": 1,
		"finish2": "不会做就说吗，又没有人笑话你，这不是夏威夷煎饼啊！",
		"finish3": "你有的材料忘记放了，你是故意的吧！",
		"finish4": "算了算了！将就着吃吧。",
		"finish5": "这跟夏威夷有什么关系吗？"
	},
	"8": {
		"id": 8,
		"bookId1": 6,
		"talk1": "刘教练说跳了毽子操，可以放心吃，来份肉松煎饼。",
		"talk2": "肉松！肉松！放多点肉松！！",
		"talk3": "那馍里包着薄脆和肉松的，烤肉酱要加上。",
		"finish1": "吃饱了才有力气减肥呢。",
		"finish1Tip": 1.5,
		"finish2": "你故意加料的吧！我的减肥计划啊！又要被刘教练加练了！",
		"finish3": "少放了点食材吃不饱呢，吃不饱哪有力气减肥，但再买一个就要加练了，你得补偿我，你说是吧！",
		"finish4": "感觉比上次少了些什么，算了早点吃完，去减肥吧!",
		"finish5": "我能吃！怎么不给我加！"
	},
	"9": {
		"id": 9,
		"bookId1": 18,
		"talk1": "我看你这小店铺估计也做不出什么高端食物，来份包机煎饼吧。",
		"talk2": "包机！包机！烤肉酱的那种！",
		"talk3": "生菜包鸡柳，加上烤肉酱。",
		"finish1": "真香啊。",
		"finish1Tip": 1.5,
		"finish2": "你这样乱放料弄的我都营养不均衡了，说吧怎么赔！",
		"finish3": "你这样少加料弄的我都营养不均衡了，说吧怎么赔！",
		"finish4": "算了，就当减肥吧！",
		"finish5": "鸡都飞走了？"
	},
	"10": {
		"id": 10,
		"bookId1": 9,
		"talk1": "给我来个经典的辣条煎饼吧！你会做吗？",
		"talk2": "肉汁搭配辣条，味觉新高度！",
		"talk3": "烤肉酱、薄脆和辣条！",
		"finish1": "还不错诶。",
		"finish1Tip": 1,
		"finish2": "其他料都把辣条的味道给覆盖了呢！你怎么可以这样呢，我好好的胃口都被你给破坏了。",
		"finish3": "啊啊啊啊啊！你居然敢偷工减料，我，我要举报你。",
		"finish4": "为什么我的辣条煎饼比别人做的还丑。",
		"finish5": "这是什么？？"
	},
	"11": {
		"id": 11,
		"bookId1": 33,
		"talk1": "想体验下中西融合，文体两开花煎饼套餐，你这有吗？",
		"talk2": "那当然是肉汁西式培根搭配上鸡柳啦。",
		"talk3": "必加的烤肉酱和薄脆配上培根和鸡柳！绝了！",
		"finish1": "有点东西啊老板，确实开花了！",
		"finish1Tip": 1.5,
		"finish2": "你加了其他的料，不过味道倒是比之前的好吃一些，当然我还是喜欢之前的味道。",
		"finish3": "你少了几种料，味道连之前的一半都没有，还是之前的味道好吃。",
		"finish4": "算了，将就着吃吧！尽量不来这家就是了。",
		"finish5": "这是肉吗？"
	},
	"12": {
		"id": 12,
		"bookId1": 21,
		"talk1": "师父，今日相见皆因缘，所以一套臭豆腐煎饼多少缘？",
		"talk2": "豆腐配烤肉酱，无与伦比的美。",
		"talk3": "薄脆、烤肉酱、臭豆腐，葱花芝麻来也一搓，谢过师父。",
		"finish1": "有缘再聚，这饼闻起来就很有缘。",
		"finish1Tip": 1,
		"finish2": "你怎么能不按照我说的的来做呢！都破坏了它原本的美味了！",
		"finish3": "我是没有说清楚吗。怎么少了好几种食材啊。",
		"finish4": "要不要那么随便啊，饼做好看点呗。",
		"finish5": "这配料…我可能寻错因缘了……"
	},
	"13": {
		"id": 13,
		"bookId1": 19,
		"talk1": "我是行走的CD机，给你唱一首歌可以换一个辣豆腐煎饼吗？",
		"talk2": "没错！辣椒酱！以及越臭越妙的臭豆腐！",
		"talk3": "辣椒酱、薄脆跟臭豆腐，葱花芝麻都来点。",
		"finish1": "这口气香味让我舍不得放出来，下次再唱！",
		"finish1Tip": 1,
		"finish2": "料怎么随便放，有病要早点治疗的啊，特别是耳朵。",
		"finish3": "老板你的记忆力不行哦，料少给我了。",
		"finish4": "唉，算了，年纪轻轻就浑身是病，唉！",
		"finish5": "不够不够！还不够启动我的CD！"
	},
	"14": {
		"id": 14,
		"bookId1": 20,
		"talk1": "给我来套最臭的煎饼可以吗？我昨晚看足球了，需要以毒攻毒。",
		"talk2": "就是要重口，榴莲酱臭豆腐无敌香喷喷。",
		"talk3": "榴莲酱搭配薄脆，臭豆腐加上葱花。",
		"finish1": "真呕香…倍呕儿棒…",
		"finish1Tip": 1,
		"finish2": "你给我加料，是想给我安慰吗，不需要。",
		"finish3": "这料加的，看起来真寒酸。",
		"finish4": "一定是因为昨天看太久的足球，审美出疲劳了。",
		"finish5": "这就最臭了吗？就这？就这？"
	},
	"15": {
		"id": 15,
		"bookId1": 41,
		"talk1": "海的味道我想知道，老板你知道吗？",
		"talk2": "必须得配合上榴莲酱，那才妙……",
		"talk3": "榴莲鱿鱼与虾仁，再来把臭豆腐锦上添花！",
		"finish1": "老板懂我，真不愧是大海王子！",
		"finish1Tip": 1.5,
		"finish2": "啊啊啊，这个罪恶的家伙，乱加料破坏了海的味道!我要代表大海惩罚你。",
		"finish3": "你这个可恶的家伙，竟敢在我大海的继承者面前偷工减料，我要诅咒你，买菜必涨价。",
		"finish4": "算了，我要跟着大海学习，学习它的海阔天空。",
		"finish5": "老板你没见过海吗？"
	},
	"16": {
		"id": 16,
		"bookId1": 30,
		"talk1": "本草纲目里有记载，每天一个紫鸡煎饼，疾病远离我。",
		"talk2": "紫菜配鸡，加点肉酱，健康快乐！",
		"talk3": "默认烤肉酱就行，包着紫菜跟鸡柳，葱花芝麻也默认。",
		"finish1": "健康食品果然非同凡响。",
		"finish1Tip": 1.75,
		"finish2": "这样的煎饼，你是想要疾病离我近一些吗！怎么加一些我不喜欢的料啊。",
		"finish3": "你这是在犯罪，我国...规定...偷工减料的判其...",
		"finish4": "啊，老板你这还没有隔壁做的好看呢，得多学学呀！",
		"finish5": "看来老板平时不看本草纲目。"
	},
	"17": {
		"id": 17,
		"bookId1": 1,
		"talk1": "昨天看到欧巴吃辣饼了，我也来一套辣的原味煎饼！",
		"talk2": "记得是辣椒酱！有薄脆就好！",
		"talk3": "辣椒酱+两片薄脆。",
		"finish1": "吗西索！",
		"finish1Tip": 1,
		"finish2": "不，这些料会让我的欧巴远离我的，我的欧巴...",
		"finish3": "不，你加那么少，我的欧巴会误认为我很抠搜的。",
		"finish4": "希望欧巴不介意这煎饼的样子。",
		"finish5": "你狠我，我狠你，你单身也很甜蜜蜜。"
	},
	"18": {
		"id": 18,
		"bookId1": 45,
		"sliverId": [
			10,
			14,
			15
		],
		"talk1": "终于发工资了，吃个豪华煎饼庆祝一下！",
		"talk2": "就是，不要辣条臭豆腐跟芒果。",
		"talk3": "记好了，是烤肉酱，肉松鸡柳培根香肠虾仁鱿鱼生菜韭菜土豆丝海带丝紫菜！",
		"finish1": "巴适得板！听我说，谢谢你，因为有你，温暖了四季。",
		"finish1Tip": 2,
		"finish2": "都说过除了烤肉酱，肉松鸡柳培根香肠虾仁鱿鱼生菜韭菜土豆丝海带丝紫菜！其他的都不要。",
		"finish3": "你是不是看我要的料多就，给我偷工减料是吧，我都记着的，有烤肉酱，肉松鸡柳培根香肠虾仁鱿鱼生菜韭菜土豆丝海带丝紫菜！",
		"finish4": "罢了，可能是太多料，让你忙吧过来了吧，下次少点一些吧。",
		"finish5": "你要不要把菜单再背一遍？"
	},
	"19": {
		"id": 19,
		"bookId1": 2,
		"talk1": "每天早上一个榴莲原味煎饼，元气满满。",
		"talk2": "原味煎饼，酱料换成榴莲酱。",
		"talk3": "榴莲酱！薄脆！够了！",
		"finish1": "心满意足了。",
		"finish1Tip": 1,
		"finish2": "我都说了除了，辣椒酱换成榴莲酱外，没有说加其他料啊。",
		"finish3": "让我猜猜，你是少放了薄脆对不对，不对的话就是少放了榴莲酱，总不能多放了吧！",
		"finish4": "学校的食堂大妈都没有你小气。",
		"finish5": "明明什么的没有啊。"
	},
	"20": {
		"id": 20,
		"bookId1": 23,
		"talk1": "煎饼有重口味的吗，来一个！给点肌肉！",
		"talk2": "说到重口味，榴莲和臭豆腐必不可少吧……鸡也不能不吃。",
		"talk3": "榴莲酱沾薄脆，臭豆腐以及鸡柳。",
		"finish1": "正合我意！",
		"finish1Tip": 1.5,
		"finish2": "你是觉得加这个会更重吗？我不觉得，要不要试试我的口气！",
		"finish3": "你少放了几种食材吧，味道没有之前的重了呢！我让你看看什么时重口味，看看我的口气。",
		"finish4": "玩我呢，料放成什么样子！",
		"finish5": "啊，此情此景，我想赋诗一首，就叫奸商。"
	},
	"21": {
		"id": 21,
		"bookId1": 27,
		"sliverId": [
			10,
			14,
			3
		],
		"talk1": "又加班通宵了，吃个香肠肉松煎饼一会回家睡上一觉。",
		"talk2": "听我说，香肠还得是又汇肠，配上烤肉酱和肉松绝绝子。",
		"talk3": "不要辣的也不要重口味，就普通的香肠+肉松。",
		"finish1": "真好吃，吃饱一会睡觉去。",
		"finish1Tip": 2,
		"finish2": "只有8成是对的，但是味道一般。",
		"finish3": "味道平平无奇，料太少了。",
		"finish4": "昨天没有吃晚餐，但幸好吃了夜宵，唉嘿。",
		"finish5": "老板你睡了吗，这饼我实在睡不着。"
	},
	"22": {
		"id": 22,
		"bookId1": 36,
		"talk1": "这可恶的甲方又加需求了，我恨！来个虾仁猪心煎饼解解恨！",
		"talk2": "啊？没有猪心？那就换培根吧……",
		"talk3": "烤肉酱、虾仁、培根。薄脆跟葱花芝麻你看着办。",
		"finish1": "不挣扎了，先吃吧。",
		"finish1Tip": 1.5,
		"finish2": "芭比Q了，我对这种食材过敏啊，我去趟医院，你需要负责",
		"finish3": "太难了，虾了我，我吧。",
		"finish4": "不对，不对，全都不对。",
		"finish5": "你这是找我解恨吗？"
	},
	"23": {
		"id": 23,
		"bookId1": 10,
		"talk1": "前几天在外地出差，可太想念家乡的煎饼了。老板给我来一份。",
		"talk2": "我要辣条肉松煎饼，辣味要足够哦。太想念这个味儿了。",
		"talk3": "辣椒酱！辣条！再夹着肉松，我馋了！",
		"finish1": "终于吃上了！珍惜吃饼的机会，谁知道下次是什么时候。",
		"finish1Tip": 1.5,
		"finish2": "不对啊，我要的辣味煎饼呢？",
		"finish3": "料太少了，没以前多了，是最近物价上涨了吗？",
		"finish4": "嗨嗨，这煎饼怎么长得不尽人意。",
		"finish5": "这是？是煎饼？"
	},
	"24": {
		"id": 24,
		"bookId1": 8,
		"talk1": "一天不吃，甚是想念啊，老板有榴莲辣条煎饼吗！",
		"talk2": "辣条沾榴莲，不觉得很美味吗？",
		"talk3": "用榴莲酱，薄脆、辣条就够了！",
		"finish1": "这个味yyds，从此认定你家了！",
		"finish1Tip": 1,
		"finish2": "你是不是跟踪我，我昨天吃的就是这种煎饼。",
		"finish3": "为啥少了种，食材说是不是被你吃了。",
		"finish4": "你是不是，学校食堂出来的。",
		"finish5": "老板还没抓到榴莲辣条的精髓。"
	},
	"25": {
		"id": 25,
		"bookId1": 4,
		"sliverId": [
			3
		],
		"talk1": "老乡，你这有地道的煎饼吗？给我来份辣酱肉松的！",
		"talk2": "不要烤肉酱不要烤肉酱不要烤肉酱，记得是肉松!",
		"talk3": "辣椒酱·薄脆·肉松！把葱花给干了！",
		"finish1": "不愧是老乡，够正！",
		"finish1Tip": 1,
		"finish2": "...哈哈，谢了老乡给我加的料...",
		"finish3": "我就知道你可能坑我，但要不要坑的怎么重啊，还想给你介绍个漂亮姐姐的呢，算了，你配不上人家。",
		"finish4": "...连老乡都坑，没人性啊。",
		"finish5": "还行还行。"
	},
	"26": {
		"id": 26,
		"bookId1": 13,
		"talk1": "今天天气真好，吃个辣鸡煎饼，纵享丝滑哦。",
		"talk2": "辣鸡辣鸡，辣椒酱和鸡柳！",
		"talk3": "薄脆，辣椒酱，鸡柳，必不可少。",
		"finish1": "感觉今天挺适合划水。",
		"finish1Tip": 1,
		"finish2": "你为啥要加这个，我没有要你加这个吧！",
		"finish3": "一天的好心情都给这个没啥料的煎饼给破坏了。",
		"finish4": "今天心情好。",
		"finish5": "老板，你划水了？"
	},
	"27": {
		"id": 27,
		"bookId1": 15,
		"talk1": "dy上经常刷到这家店，真的有这么好吃吗？给我来一份特色鸡柳。",
		"talk2": "鸡柳煎饼，其他都默认就行。",
		"talk3": "烤肉酱、薄脆和鸡柳，点缀些葱花芝麻。",
		"finish1": "确实还不错，难怪老板火。",
		"finish1Tip": 1,
		"finish2": "dy上的不靠谱啊，老板乱加料，加的还是我最讨厌的。",
		"finish3": "dy上的不靠谱啊，老板店大欺客。",
		"finish4": "这么大的一个店，做饼那么随意，至少要做好看点吧。",
		"finish5": "果然全都是营销。"
	},
	"28": {
		"id": 28,
		"bookId1": 16,
		"talk1": "排队的人真多呀，给我来份辣菜包鸡。",
		"talk2": "生菜包鸡，辣椒酱的。",
		"talk3": "其实也不用什么技术，有薄脆、辣酱、生菜、鸡柳就行。",
		"finish1": "这味儿值得回购！但下次不想排队了，可以外卖吗？",
		"finish1Tip": 2,
		"finish2": "...我...要的包鸡呢。",
		"finish3": "祝你关门大吉。",
		"finish4": "铁公鸡。",
		"finish5": "排队的人都是花钱请的吧？"
	},
	"29": {
		"id": 29,
		"bookId1": 5,
		"talk1": "老板你会做榴莲肉松吗？我馋了好多天了。",
		"talk2": "其他都配料我都不在意，必须得榴莲配肉松！",
		"talk3": "榴莲酱和肉松…记得还有外面那层煎饼！",
		"finish1": "这次终于解馋了！",
		"finish1Tip": 1.5,
		"finish2": "随便加料，你觉得你很幽默吗?",
		"finish3": "这样做是一种，缺德的表现。",
		"finish4": "你的心难道不会痛吗？",
		"finish5": "这叫会做吗？我家狗连夜做了九菜一汤。"
	},
	"30": {
		"id": 30,
		"bookId1": 11,
		"talk1": "你没事吧？你没事吧？没事就吃榴莲辣条肉松煎饼。",
		"talk2": "有人强推榴莲配辣条，我心动了，但肉松也不能缺。",
		"talk3": "来一份榴莲酱、薄脆、肉松和辣条。",
		"finish1": "好吃到炸！多亏推荐的那位！下次再来！",
		"finish1Tip": 1.5,
		"finish2": "这个料是什么，想听听我的故事吗？",
		"finish3": "连这点东西都要坑，你是坑神吧！",
		"finish4": "要不要这么扣，城墙都快被你抠出一个洞了。",
		"finish5": "拿起显微镜都看不到我的配料。"
	},
	"31": {
		"id": 31,
		"bookId1": 24,
		"talk1": "最近刚搬家到这附近，听说你的豆腐鸡煎饼是一绝。",
		"talk2": "臭豆腐吸引我的腿进来的，鸡吸引我的心进来……",
		"talk3": "臭豆腐和鸡柳的话……烤肉酱会好吃些吧？",
		"finish1": "确实不错！老板是一代天骄啊！",
		"finish1Tip": 1.75,
		"finish2": "哎呀!老板你不要这么客气的，就算客气也换一个其他的吧，这个是我最讨厌的食材啊！",
		"finish3": "我在想要不要搬家，毕竟这料也太少了...",
		"finish4": "看来传言是假的，请水军用了多少啊！",
		"finish5": "这份煎饼让我只想远离。"
	},
	"32": {
		"id": 32,
		"bookId1": 37,
		"talk1": "王者十连跪，需要一份辣瞎鸡煎饼抚慰下受伤的心。",
		"talk2": "辣的虾鸡煎饼，虾可别放少了！",
		"talk3": "一份煎饼，加虾加鸡放辣酱。",
		"finish1": "这口虾，这鸡味，心情好很多了。",
		"finish1Tip": 1.75,
		"finish2": "老板，为了感谢你加料，我们今天晚上一起打王者吧。",
		"finish3": "老板，下次别少加料了，晚上一起打王者吧。",
		"finish4": "老板，带我打王者呗。",
		"finish5": "可能，老板你可以考虑换个行业。"
	},
	"33": {
		"id": 33,
		"bookId1": 22,
		"talk1": "带一份辣豆腐鸡煎饼给我的野王小哥哥吃。",
		"talk2": "据说他最爱吃辣，这臭豆腐和鸡柳底下得放满辣酱！",
		"talk3": "臭豆腐煎饼，加辣酱加鸡柳！",
		"finish1": "小哥哥等我！",
		"finish1Tip": 2,
		"finish2": "小哥哥等等我，可恶啊，你不知道我的野王小哥哥不喜欢这个吗？",
		"finish3": "为什么少了种料，这个口味的我小哥哥不喜欢吃的。",
		"finish4": "要不要这么精打细算啊。",
		"finish5": "你是成心捣乱的吗？"
	},
	"34": {
		"id": 34,
		"bookId1": 2,
		"talk1": "我的草原我的马，这煎饼酱料想咋刷就咋刷。",
		"talk2": "煎饼要刷多点果味酱料。",
		"talk3": "薄脆，榴莲酱料。",
		"finish1": "确实随心所欲！干脆爽朗！",
		"finish1Tip": 0.5,
		"finish2": "这是啥料，为什么要放......",
		"finish3": "不就打了个哑迷吗，至于吗？",
		"finish4": "你就像草原乱跑的野马，随心所欲啊。",
		"finish5": "看出来了，老板的马儿有些疲惫。"
	},
	"35": {
		"id": 35,
		"bookId1": 43,
		"talk1": "生椰拿铁和辣酱豪华煎饼配吗？",
		"talk2": "豪华讲究种类多、数量丰富…你清楚吧？",
		"talk3": "辣椒酱配肉松，鸡柳，培根，香肠，虾仁，鱿鱼，生菜韭菜，土豆丝，海带丝和紫菜！",
		"finish1": "确认过眼神，是对的饼子！",
		"finish1Tip": 2,
		"finish2": "放其他多余的料干嘛！下次别放了！",
		"finish3": "辣椒酱配肉松，鸡柳，培根，香肠，虾仁，鱿鱼，生菜韭菜，土豆丝，海带丝和紫菜你少放了哪一样。",
		"finish4": "你这是彻底放飞自我了吗？",
		"finish5": "危险危险危险，这都啥啊。"
	},
	"36": {
		"id": 36,
		"bookId1": 12,
		"talk1": "这煎饼我从小吃到大！",
		"talk2": "必须得辣条肉松煎饼！哪个都是经典！",
		"talk3": "一份烤肉酱的煎饼，加辣条加肉松！",
		"finish1": "老板妙手！还是熟悉的味道！",
		"finish1Tip": 1.5,
		"finish2": "放的好，下次别放了，不然我怕忍不住。",
		"finish3": "跟小时候的味道，不一样啊，现在味道都那么淡了吗。",
		"finish4": "送你一句话，杂乱不堪。",
		"finish5": "好像是它，又好像不是它。"
	},
	"37": {
		"id": 37,
		"bookId1": 39,
		"talk1": "她总说虾鸡虾鸡，给她带一份她会高兴吗？",
		"talk2": "虾鸡煎饼，其他默认吧。要淋上肉汁哦。",
		"talk3": "烤肉酱的薄脆，还有虾仁跟鸡柳。",
		"finish1": "这个味道真不错，她肯定会喜欢。",
		"finish1Tip": 2,
		"finish2": "我是用来哄她的，你尽然给我这个。",
		"finish3": "...为啥我这个煎饼少了种料。",
		"finish4": "就不能弄的好看些吗，感觉凉了。",
		"finish5": "凉炮了。"
	},
	"38": {
		"id": 38,
		"bookId1": 35,
		"talk1": "完了！芭比Q了！榴莲虾根煎饼还有吗？",
		"talk2": "榴莲酱的，虾仁培根煎饼！",
		"talk3": "虾仁、培根、薄脆、榴莲酱……还有面糊鸡蛋。",
		"finish1": "不错！下次还想看到更多新口味！",
		"finish1Tip": 1.75,
		"finish2": "芭比Q了，料都不对。",
		"finish3": "这样做真的好吗，我可是下了防诈骗APP的。",
		"finish4": "我家的...都比你做的好看。",
		"finish5": "唉，算了，芭比Q吧。"
	},
	"39": {
		"id": 39,
		"bookId1": 25,
		"talk1": "带个辣的香肠肉松煎饼回家给爸妈吃吃。",
		"talk2": "肉松，从小吃到大的那种。香肠，得又汇的！还有辣椒酱！",
		"talk3": "一份加了香肠、肉松、辣酱、薄脆、鸡蛋的煎饼。",
		"finish1": "热辣出炉好香啊！",
		"finish1Tip": 1.5,
		"finish2": "老板又开始乱加料了。",
		"finish3": "你蒙我的吧！少了东西呢！",
		"finish4": "我弄的都比你得漂亮。",
		"finish5": "做人不能这样，起码不能这么狗。"
	},
	"40": {
		"id": 40,
		"bookId1": 14,
		"talk1": "这么多年了，还得是你家的榴莲鸡柳最好吃哇！",
		"talk2": "鸡外面包一层厚厚的榴莲，热乎的铁板把味道发挥到极限……",
		"talk3": "一份特色鸡柳煎饼，酱料换榴莲酱。",
		"finish1": "还是当年的味道。",
		"finish1Tip": 1.5,
		"finish2": "嗯，味道怎么变了，老板怎么多年了，你不知道我不吃这个食材的吗。",
		"finish3": "认识这么多年了你还坑我。",
		"finish4": "这啥，这啥，这都是个啥啊。",
		"finish5": "拿出我的放大镜看看这都什么配料。"
	},
	"41": {
		"id": 41,
		"bookId1": 38,
		"talk1": "艾瑞巴蒂!黑喂够!跟我一起来一套!榴莲虾鸡好味道！",
		"talk2": "只要煎饼，和榴莲酱，和虾，和鸡。",
		"talk3": "虾仁、鸡柳、榴莲酱、薄脆、葱花芝麻。",
		"finish1": "好味道！我一定会回来的！！！",
		"finish1Tip": 2,
		"finish2": "奔波爱吧，为啥多了我不喜欢的料啊。",
		"finish3": "我猜猜，这煎饼是不是少了料，我猜它是...",
		"finish4": "我教你弄的好看点，来跟我边一起画条龙，右边一起画...",
		"finish5": "老板，我劝你先把手头的事做好，哪怕很小。"
	},
	"42": {
		"id": 42,
		"bookId1": 31,
		"talk1": "离开家这么多年，回来还是忍不住来一口，辣的培鸡还有吗？",
		"talk2": "辣辣辣辣辣的培根鸡柳。",
		"talk3": "涂辣椒酱的培根还有鸡柳。",
		"finish1": "还是当年的味道，我要跟朋友推荐你家！",
		"finish1Tip": 1.5,
		"finish2": "是我离开家的时间太久了吗，本地话都说不明白了？",
		"finish3": "是我说话像外地人你就想坑我一下吗？",
		"finish4": "我是不是离开的太久了，审美跟不上了吗？",
		"finish5": "我说我的你做你的？"
	},
	"43": {
		"id": 43,
		"bookId1": 17,
		"talk1": "我爷爷的爷爷说小时候就在你们家吃榴莲生菜鸡煎饼，你们是百年老店吗？",
		"talk2": "生菜虽然营养，但不够味，鸡虽好，但还不够满足我的口味，也许榴……",
		"talk3": "你觉得呢，榴莲酱好像不错吧，鸡柳也挺好，生菜就更好了，薄脆也不错…",
		"finish1": "没错了，这，这就是我钮钴禄家最爱的煎饼！",
		"finish1Tip": 2,
		"finish2": "胡乱加料，你这不是在砸自家招牌吗！",
		"finish3": "偷工减料，你这不是在砸自家招牌吗！",
		"finish4": "你是刚刚开始学只能做煎饼的吗？",
		"finish5": "这个老六我真服了。"
	},
	"44": {
		"id": 44,
		"bookId1": 44,
		"talk1": "让我康康，是哪个煎饼，这么香？",
		"talk2": "是豪华煎饼！是榴莲酱的豪华煎饼！",
		"talk3": "那满满的榴莲肉松鸡柳培根香肠虾鱿鱼菜土豆海带紫菜那真是太棒了！",
		"finish1": "原来就是这个煎饼！我认定你了！！",
		"finish1Tip": 2,
		"finish2": "听我说谢谢你，因为有你温暖了...谢谢老板加的其他料。",
		"finish3": "你是不是看我点的多，就想着坑我一下。",
		"finish4": "是不是料太多，这张饼包不过来。",
		"finish5": "你是不是冒牌货？"
	},
	"45": {
		"id": 45,
		"bookId1": 28,
		"talk1": "我被种草了紫辣鸡菜了，今天你们有得卖吗？",
		"talk2": "紫·辣鸡柳·菜，有的吧？",
		"talk3": "顾名思义，就是紫菜包着涂满辣酱的鸡柳。",
		"finish1": "就是这个味儿！种菜姬太棒了！！",
		"finish1Tip": 1.75,
		"finish2": "你这样乱加料真的好吗？都破坏了它的味道了。",
		"finish3": "人生在世，我劝你善良。",
		"finish4": "是没有食材了吗？",
		"finish5": "这啥，这似啥。"
	},
	"46": {
		"id": 46,
		"bookId1": 40,
		"talk1": "你猜猜我今天想吃什么？你猜猜？",
		"talk2": "想来点辣的，还要重点口味的，还要来点海鲜……",
		"talk3": "哼，辣酱的臭豆腐鱿鱼虾仁煎饼！",
		"finish1": "女孩的心思你别猜！不过你还挺不错的。",
		"finish1Tip": 1.75,
		"finish2": "哼！我不喜欢这个料，你为啥还要加，是不是故意的，哼！",
		"finish3": "看看我沙包大的拳头，你猜猜我想不想揍你！料给我加多点！",
		"finish4": "诶，尽然比之前的要漂亮一些。",
		"finish5": "哼，你一点都不懂我。"
	},
	"47": {
		"id": 47,
		"bookId1": 26,
		"sliverId": [
			10
		],
		"talk1": "我今天要参加小区的闭眼羽毛球赛，吃个辣肠松煎饼提升点好运气吧！",
		"talk2": "要辣肠！充饥！要肉松！饱而不腻！",
		"talk3": "是辣酱和香肠！和肉松！不要辣条！",
		"finish1": "这煎饼充满了力量！吃完这份煎饼想输都难！",
		"finish1Tip": 2,
		"finish2": "我最怕这个了，你还给我加这个。",
		"finish3": "今天是我的幸运日，但遇到你是我的不幸，所以我的料呢？",
		"finish4": "感觉今天要倒霉，和这个长得很倒霉的煎饼一样。",
		"finish5": "你这是在暗示我要输吗？"
	},
	"48": {
		"id": 48,
		"bookId1": 29,
		"talk1": "听说吃了溜子吉煎饼，一个分量顶隔壁3个？",
		"talk2": "溜恋，子才和吉溜！",
		"talk3": "含有榴莲，紫菜，鸡柳，薄脆。",
		"finish1": "嗝。。。好吃！好饱！",
		"finish1Tip": 1.75,
		"finish2": "怎么多了处，溜恋酱，子才和吉溜以外的食材啊。",
		"finish3": "我要的是溜恋，子才和吉溜，怎么少了些啊!",
		"finish4": "这个样子  浩，浩臭啊！",
		"finish5": "老板你要进修下普通话啊。"
	},
	"49": {
		"id": 49,
		"bookId1": 32,
		"talk1": "吃了榴莲培根鸡煎饼，一天都管饱哇！",
		"talk2": "对，榴莲酱，对对，培根最好来个一成熟，对，鸡柳要三成熟。",
		"talk3": "不懂了吧？这就是精髓，榴莲酱培根配鸡柳！",
		"finish1": "闻起来真不错!今天就靠它了！",
		"finish1Tip": 1.5,
		"finish2": "你是想要毒死我吗？加了我不喜欢的料。",
		"finish3": "太少了都不管饱。",
		"finish4": "我的发。",
		"finish5": "老板的一天肯定没24小时吧？"
	},
	"50": {
		"id": 50,
		"bookId1": 34,
		"talk1": "今天又得进自习室了，买份煎饼吧！",
		"talk2": "哦，煎饼啊？要辣酱虾仁培根的。诶我跟你说，我考试可是拿奖的……",
		"talk3": "薄脆，培根，虾仁，辣椒酱。",
		"finish1": "难得有煎饼戳我心头好！老板你以后可以宣传我曾关顾这里…荣幸吧！",
		"finish1Tip": 2,
		"finish2": "行吧，虽然想要骂你，但开不了口。",
		"finish3": "无良，奸商。",
		"finish4": "要提升提升煎饼的样子啊。",
		"finish5": "额摁……行吧…也行…不是不可以……"
	},
	"51": {
		"id": 51,
		"bookId1": 7,
		"talk1": "有没有像热情的沙漠一样的煎饼，想要！",
		"talk2": "那必然是辣酱辣条无敌热情！",
		"talk3": "配料有薄脆，辣椒酱，辣条。",
		"finish1": "老板也跟我一样热情！真棒！",
		"finish1Tip": 1.5,
		"finish2": "辣味少了几分，应该是被它给吸收了吧。",
		"finish3": "少了种辣味，老板你少放了一个东西了，我的心拔凉拔凉的。",
		"finish4": "就像没有热情一样难看。",
		"finish5": "所以这是烤糊了吗。"
	},
	"52": {
		"id": 52,
		"bookId1": 42,
		"talk1": "箱药？箱药称谓一个吃煎饼的rapstar！",
		"talk2": "豆豆yo，鱿鱼也叫鱼，腐腐ho，虾仁不是仁！",
		"talk3": "臭豆腐鱿鱼跟虾仁。",
		"finish1": "哟老板很有天赋哦。左手跟我一起画个龙，右手一起画彩虹。",
		"finish1Tip": 1.5,
		"finish2": "你是不是想要报复我，料不对。",
		"finish3": "真是其特的报复方式啊，加那么少。",
		"finish4": "唉，看了来你的审美有点问题呢。",
		"finish5": "看来煎饼与我是无缘了。"
	},
	"53": {
		"id": 53,
		"bookId1": 21,
		"talk1": "今天我正式创业了，买一份煎饼开启新的旅程吧！",
		"talk2": "一个肉汁臭豆腐煎饼吧！好意头！",
		"talk3": "这一切都得有讲究，来点烤肉酱，来点臭豆腐，再来点葱花。",
		"finish1": "煎饼给予了我力量！加油！奥利给！",
		"finish1Tip": 1.25,
		"finish2": "算命的说我今天不能吃这种食材的，不然会赔钱，你尽然还给我加。",
		"finish3": "特意问过了大师，让我吃臭豆腐煎饼之后会一帆风顺，你尽然给我减料。",
		"finish4": "你怎么摆的食材啊，感觉好难看。",
		"finish5": "只要我的未来不像老板做的煎饼那样就行。"
	},
	"54": {
		"id": 54,
		"bookId1": 45,
		"talk1": "今天我们公司倒闭了，很难过，但是我们都尽力了，有让人治愈的煎饼吗。",
		"talk2": "豪华煎饼！一个治愈所有人的煎饼！有啥料都给我加上。",
		"talk3": "配料有薄脆，肉松，鸡柳，培根，香肠，虾仁，鱿鱼，生菜，韭菜，土豆丝，海带丝，紫菜。",
		"finish1": "煎饼给我带来了希望，生活总是要继续，不是吗。",
		"finish1Tip": 2,
		"finish2": "算了，罢了，为啥你也要欺负我啊？料都加错了。",
		"finish3": "这为啥我的少了这么多料，30年河东，30年河西，莫欺少年穷。",
		"finish4": "你是在嘲讽我吗？",
		"finish5": "如果煎饼不能治愈人，为什么要叫煎饼呢。"
	},
	"55": {
		"id": 55,
		"bookId1": 9,
		"talk1": "今天奶奶住院了，我给她带一份煎饼，希望她早点好起来！",
		"talk2": "烤肉酱的辣条煎饼吧！然后给我吃辣条！",
		"talk3": "配料有薄脆，烤肉酱，辣条。",
		"finish1": "奶奶一定会喜欢的。",
		"finish1Tip": 1.5,
		"finish2": "我奶奶不喜欢这个料的。",
		"finish3": "要不要这么干啊，病人吃的也要坑",
		"finish4": "能不能做好看点，才能让奶奶心情好起来。",
		"finish5": "辣条呢，辣条呢，辣条呢！"
	},
	"56": {
		"id": 56,
		"bookId1": 1,
		"sliverId": [
			10
		],
		"talk1": "辣条煎饼不要条，谢谢。",
		"talk2": "辣 条 煎 饼 不 要 条 。",
		"talk3": "辣的原味煎饼。",
		"finish1": "看着不错，应该是不错。",
		"finish1Tip": 0.5,
		"finish2": "辣条煎饼不要条，不就是原味煎饼吗！你这...",
		"finish3": "一个原味煎饼，你都能减料，呵呵，厉害。",
		"finish4": "我用脚做的都比你好看，虽然不影响好吃。",
		"finish5": "看着不行，应该是不行。"
	},
	"57": {
		"id": 57,
		"bookId1": 5,
		"talk1": "每次吃煎饼都想起我的妈妈，好想她。",
		"talk2": "那是在一个夏天…小小的我吃着榴莲味的肉松……",
		"talk3": "肉松煎饼，榴莲酱必须是灵魂。",
		"finish1": "吃着它就想起妈妈的话。",
		"finish1Tip": 1,
		"finish2": "妈妈做煎饼也会计划放什么料呢，你放的是什么？",
		"finish3": "少了妈妈的味道。",
		"finish4": "我妈妈做的比你大好看多了，也好吃些。",
		"finish5": "不够，这不够夏。"
	},
	"58": {
		"id": 58,
		"bookId1": 8,
		"talk1": "想找到大学时来吃煎饼的这个味道。",
		"talk2": "流连忘返的辣条煎饼……流连忘返……",
		"talk3": "必须榴莲……才能忘返……的辣条煎饼。",
		"finish1": "就是它！青春的味道呀！",
		"finish1Tip": 1.5,
		"finish2": "怎么回事，这料好像也不对啊。",
		"finish3": "当初他也种是吧其他的食材给忘记放了，你也是吗？",
		"finish4": "没有它画的好看，他的有个笑脸。",
		"finish5": "也许榴莲，不够忘返。"
	},
	"59": {
		"id": 59,
		"bookId1": 4,
		"talk1": "神奇的夏威夷肉松煎饼在哪里，就在这里吗？",
		"talk2": "想试试辣味的肉松煎饼。",
		"talk3": "就是有辣椒酱，肉松，懂了吗？",
		"finish1": "吃了煎饼要给我神秘力量哦。",
		"finish1Tip": 1.5,
		"finish2": "这股力量好像有点过头了。我的意思是，你加错料了。",
		"finish3": "你这缺斤少两的，算什么夏威夷肉松煎饼！",
		"finish4": "感觉这个煎饼离神奇还差点意思。",
		"finish5": "算是给了我一点神秘力量了。"
	},
	"60": {
		"id": 60,
		"bookId1": 3,
		"talk1": "一早打飞的来这就为了这一口，不知道是不是真的这么好吃。",
		"talk2": "让我浅尝一下肉汁煎饼。",
		"talk3": "有烤肉酱的原味煎饼。",
		"finish1": "好家伙，不负此行呀。",
		"finish1Tip": 1,
		"finish2": "不知道是不是浪费这打车费。味道好怪。",
		"finish3": "我在考虑下次来不来，太坑了。",
		"finish4": "好像和想的不太一样。",
		"finish5": "行吧，后会有期。"
	},
	"61": {
		"id": 61,
		"bookId1": 6,
		"talk1": "老板我看你骨骼惊奇，想必是个做煎饼的奇才吧，你会做夏威夷肉松煎饼吗？",
		"talk2": "肉松煎饼那必须得有肉松呀！",
		"talk3": "煎饼加肉松，再加些烤肉酱。我最爱烤肉酱了！",
		"finish1": "这个煎饼做的真好。",
		"finish1Tip": 1,
		"finish2": "老板，你还是得多记记菜单呀！",
		"finish3": "你是不是少给我料了？",
		"finish4": "嗯……怎么算好看呢。",
		"finish5": "这个煎饼其实做的也还行吧。"
	},
	"62": {
		"id": 62,
		"bookId1": 10,
		"talk1": "总之！无论如何！我今天一定要吃到辣条肉松煎饼！",
		"talk2": "我迫不及待想吃到辣上加辣的煎饼了！",
		"talk3": "加辣条，肉松，还有别忘记辣椒酱！",
		"finish1": "就是这个味儿！",
		"finish1Tip": 2,
		"finish2": "味道好像不太对。",
		"finish3": "你刚刚是没听清楚我说的吗？",
		"finish4": "可能你需要提高点审美。",
		"finish5": "看来还是我想得太美了。"
	},
	"63": {
		"id": 63,
		"bookId1": 14,
		"talk1": "我哪怕迟到，今天也要吃到绝味鸡柳煎饼！",
		"talk2": "只有吃上榴莲味鸡柳煎饼，上班才有干劲！",
		"talk3": "就是加鸡柳，榴莲酱的煎饼。",
		"finish1": "来不及了，我得赶紧上班去。",
		"finish1Tip": 1,
		"finish2": "就当你给我补充能量了。",
		"finish3": "估计今天上班没力气了。煎饼不够吃啊。",
		"finish4": "感觉今天要加班了。",
		"finish5": "我比较随意，因为我赶着上班。"
	},
	"64": {
		"id": 64,
		"bookId1": 42,
		"talk1": "最近骇怕羊了，给我来份海鲜煎饼吧！",
		"talk2": "有臭豆腐的那种海鲜煎饼哦，别忘了烤肉酱。",
		"talk3": "我要臭豆腐，虾仁，鱿鱼，最后淋上烤肉酱！",
		"finish1": "大海的味道铺面而来。",
		"finish1Tip": 2,
		"finish2": "你是不是故意刺激我，你确定你加对料了吗？",
		"finish3": "这个大海的味道不是很浓啊。",
		"finish4": "羊是不怕了，你这煎饼的样子让我害怕。",
		"finish5": "老板对海鲜风味理解的还不是很透彻啊。"
	},
	"65": {
		"id": 65,
		"bookId1": 1,
		"talk1": "吃蛤蜊，哈啤酒，煎饼果子不能少！",
		"talk2": "辣味煎饼和啤酒最配了。",
		"talk3": "配料有薄脆，辣椒酱。",
		"finish1": "嘎嘎香这饼。",
		"finish1Tip": 0.75,
		"finish2": "怎么感觉这辣味不太纯。",
		"finish3": "那么简单的原味煎饼怎么还能缺斤少两啊？",
		"finish4": "我觉得原味做成这样也还行了。",
		"finish5": "我还是去其他地方买煎饼吧。"
	},
	"66": {
		"id": 66,
		"bookId1": 1,
		"talk1": "昨天又喝大发了，吃份原味煎饼提提神。",
		"talk2": "这时候需要有辣椒才能提神。",
		"talk3": "配料有薄脆，辣椒酱。",
		"finish1": "就是这个味道！",
		"finish1Tip": 1,
		"finish2": "还是谢谢老板给我其他口味的煎饼提神。",
		"finish3": "不是吧，做一份辣酱煎饼很难吗？",
		"finish4": "煎饼能吃就行，样子已经不那么重要了。",
		"finish5": "我看我还是喝咖啡提神吧。"
	},
	"67": {
		"id": 67,
		"bookId1": 1,
		"talk1": "买份煎饼去打麻将，今天有旺财套餐吗？",
		"talk2": "不过我不喜欢榴莲酱，也不喜欢烤肉酱。简简单单就好。",
		"talk3": "配料有薄脆，辣椒酱。",
		"finish1": "今天赢了就再来吃！",
		"finish1Tip": 0.75,
		"finish2": "你是不想让我胡才加的这个配料吗。",
		"finish3": "料太少了，今天估计要输上几局。",
		"finish4": "煎饼样子不影响我打麻将就行。",
		"finish5": "希望今天能赢上几把。"
	},
	"68": {
		"id": 68,
		"bookId1": 1,
		"talk1": "今天这牌桌神挡鲨神，佛挡鲨佛，谁说的？煎饼说的！",
		"talk2": "煎饼加点红色的蘸料，增加点气势。",
		"talk3": "配料有薄脆，辣椒酱。",
		"finish1": "煎饼真横。",
		"finish1Tip": 0.5,
		"finish2": "你是不是忽悠我？",
		"finish3": "这个煎饼气势不太够啊。",
		"finish4": "这个煎饼长得就没气势。",
		"finish5": "今天结果怎么样已经无所谓了。"
	},
	"69": {
		"id": 69,
		"bookId1": 1,
		"talk1": "原味手抓煎饼能做吗？",
		"talk2": "要辣的那种。",
		"talk3": "配料有薄脆，辣椒酱。",
		"finish1": "好吃不错哦！",
		"finish1Tip": 0.5,
		"finish2": "这个手抓煎饼不对味啊。",
		"finish3": "为什么那么简单的配料都做不全。",
		"finish4": "老板，你是手抖吗？",
		"finish5": "我已经怀疑你其他煎饼都做不来了。"
	},
	"70": {
		"id": 70,
		"bookId1": 20,
		"talk1": "存了3天零钱，终于够买一份豪华饼子！",
		"talk2": "我比较重口味，老板你做一个符合我口味的煎饼吧。要有酱料哦。",
		"talk3": "配料有薄脆，榴莲酱，臭豆腐。",
		"finish1": "这饼子透露出一股气息，奢侈！",
		"finish1Tip": 1.5,
		"finish2": "老板你是不是加错料了啊？",
		"finish3": "这味道一般般吧。不知道是不是榴莲酱不正宗。",
		"finish4": "栓Q了老板，下次做好看点。",
		"finish5": "这还行吧......"
	},
	"71": {
		"id": 71,
		"bookId1": 20,
		"talk1": "大肠包小肠的煎饼有吗？",
		"talk2": "想来个加臭豆腐的煎饼，别忘记加酱料。",
		"talk3": "配料有薄脆，榴莲酱，臭豆腐。",
		"finish1": "吃了一定肠肠想起。",
		"finish1Tip": 1.25,
		"finish2": "你怎么给我加了其他配料？",
		"finish3": "老板你怎么抠抠搜搜的。",
		"finish4": "老板是不是没睡好，加料加的乱七八糟。",
		"finish5": "吃了也想不起我吃过。"
	},
	"72": {
		"id": 72,
		"bookId1": 20,
		"talk1": "我林北今天就是要吃到这最霸道的臭豆腐煎饼！",
		"talk2": "榴莲可是水果之王，谁不想试试榴莲味的煎饼？",
		"talk3": "配料有薄脆，榴莲酱，臭豆腐。",
		"finish1": "哎哟不错哦。",
		"finish1Tip": 1.5,
		"finish2": "霸气侧漏了，好像加了其他我不喜欢的料。",
		"finish3": "老板，你是不是材料不够放了？",
		"finish4": "味道还不差，就是样子丑了点。",
		"finish5": "感觉不太行哦。"
	},
	"73": {
		"id": 73,
		"bookId1": 3,
		"talk1": "马上要封闭了，先屯点饼子在家吧。",
		"talk2": "来点绿色健康的原味煎饼吧，要肉香味的。",
		"talk3": "配料有薄脆，烤肉酱。",
		"finish1": "就是这个味儿！",
		"finish1Tip": 0.5,
		"finish2": "不知道什么时候解封，我也不想挑了。",
		"finish3": "老板你行不行的？料呢？",
		"finish4": "煎饼能吃就行，我赶着回家了。",
		"finish5": "下次解封了，我也不想来了。"
	},
	"74": {
		"id": 74,
		"bookId1": 1,
		"talk1": "你们这果子可以续吗？",
		"talk2": "像之前那样，来个原味煎饼。",
		"talk3": "配料有薄脆，辣椒酱。",
		"finish1": "下次考虑一下无限续果子呗？",
		"finish1Tip": 0.75,
		"finish2": "这是给我加料吗？",
		"finish3": "老板我怀疑你开摆了。",
		"finish4": "幸好我不是外貌协会。",
		"finish5": "有机会再续吧。"
	},
	"75": {
		"id": 75,
		"bookId1": 1,
		"talk1": "今天考科目三，把饼子带上回头吃！",
		"talk2": "原味煎饼够我吃了。要一点辣。",
		"talk3": "配料有薄脆，辣椒酱。",
		"finish1": "真香！",
		"finish1Tip": 0.75,
		"finish2": "老板是希望我通过科目三才加了其他料给我助力吗？",
		"finish3": "老板你不怕我待会饿了考不过科目三吗？",
		"finish4": "能过科目三就行，饼好不好看不重要。",
		"finish5": "一般般吧，希望下次能做好一点。"
	},
	"76": {
		"id": 76,
		"bookId1": 2,
		"talk1": "昨天看博主刚评测这家店，赶紧来试试。",
		"talk2": "先尝一下原味煎饼吧，有什么水果酱料吗？",
		"talk3": "配料有薄脆，榴莲酱。",
		"finish1": "还不赖，下次还来哦。",
		"finish1Tip": 0.75,
		"finish2": "博主也没说会赠送其他料给我啊。",
		"finish3": "我得赶紧去评论，避雷你这家店。料都放不够。",
		"finish4": "我觉得要成为网红煎饼，除了好吃还要好看。",
		"finish5": "这个博主的测评也就这样吧。"
	},
	"77": {
		"id": 77,
		"bookId1": 2,
		"talk1": "阿珍爱上了阿强，新郎不是我，来份无情煎饼吧。",
		"talk2": "希望榴莲酱能让我吃了不再留恋。不用加其他料。",
		"talk3": "配料有薄脆，榴莲酱。",
		"finish1": "太多的难受，我又想谁诉说。",
		"finish1Tip": 0.75,
		"finish2": "加其他配料是在说我能找到更好的么？",
		"finish3": "榴莲少了，也就不留恋了吧。",
		"finish4": "这煎饼的样子让我想起了新郎。",
		"finish5": "就算不加榴莲酱，我也要忘了她。"
	},
	"78": {
		"id": 78,
		"bookId1": 2,
		"talk1": "吃了煎饼难受一会，不吃煎饼难受一天！",
		"talk2": "榴莲味的原味煎饼能让我这一天都干劲满满。",
		"talk3": "配料有薄脆，榴莲酱。",
		"finish1": "吃得好撑！",
		"finish1Tip": 1,
		"finish2": "老板，说好的只有榴莲酱呢？",
		"finish3": "老板你缺斤少两，让我难受一天。",
		"finish4": "好吃是好吃的......就是丑了点。",
		"finish5": "蚌埠住了。"
	},
	"79": {
		"id": 79,
		"bookId1": 2,
		"talk1": "今天是我的结婚纪念日，给我爱人带一份爱心煎饼。",
		"talk2": "我爱人很喜欢吃榴莲，煎饼简简单单就好。",
		"talk3": "配料有薄脆，榴莲酱。",
		"finish1": "今天一定是美好的一天！",
		"finish1Tip": 0.5,
		"finish2": "你加了其他料，万一她不喜欢吃怎么办。",
		"finish3": "我怎么舍得让她饿着。",
		"finish4": "老板对纪念日是不是有什么误解？",
		"finish5": "纪念日来个完美的煎饼很难吗。"
	},
	"80": {
		"id": 80,
		"bookId1": 2,
		"talk1": "幸福的人生就需要一份原味煎饼来造就。",
		"talk2": "只有很上头的酱料才深得我心。",
		"talk3": "配料有薄脆，榴莲酱。",
		"finish1": "最幸福的事情不过如此！",
		"finish1Tip": 1,
		"finish2": "加了其他配料应该不用加钱吧?",
		"finish3": "老板你也太省了吧。",
		"finish4": "幸福的人生也需要一个好看的煎饼啊......",
		"finish5": "简简单单的人生也不错。"
	},
	"81": {
		"id": 81,
		"bookId1": 2,
		"talk1": "今天点份什么煎饼和我的服装最搭呢？",
		"talk2": "正好我喜欢吃榴莲，或许可以试试。其他点缀就不用了。",
		"talk3": "配料有薄脆，榴莲酱。",
		"finish1": "确实配，谢谢老板。",
		"finish1Tip": 0.75,
		"finish2": "你加的其他配料一点都不搭我的衣服。",
		"finish3": "老板是觉得我穿的不好看才少加料吗？",
		"finish4": "勉强搭我这身衣服。",
		"finish5": "老板，你不懂什么是时尚。"
	},
	"82": {
		"id": 82,
		"bookId1": 2,
		"talk1": "家人们，今天带你们来吃一下我最喜欢的原味煎饼。",
		"talk2": "我给你们推荐一下榴莲煎饼，这个太赞了。",
		"talk3": "配料有薄脆，榴莲酱。",
		"finish1": "家人们千万不要错过，买它！",
		"finish1Tip": 1,
		"finish2": "家人们，老板应该是看我们太热情加错料了。",
		"finish3": "你们别在意，老板最近工作太忙，老是手抖，少加料。",
		"finish4": "老板一直那么天马行空。",
		"finish5": "家人们，下次带你们试试其他店的煎饼吧。"
	},
	"83": {
		"id": 83,
		"bookId1": 2,
		"talk1": "跳毽子操适合吃哪个口味的煎饼？",
		"talk2": "或许可以试试榴莲味，后劲十足。",
		"talk3": "配料有薄脆，榴莲酱。",
		"finish1": "忍不住多吃两口，晚上又得多跳半小时。",
		"finish1Tip": 0.5,
		"finish2": "配料不对啊，跳了一会后劲不够了。",
		"finish3": "加那么少，怎么够我跳的。",
		"finish4": "够我跳绳就行，样子我觉得无所谓。",
		"finish5": "不够我吃。"
	},
	"84": {
		"id": 84,
		"bookId1": 7,
		"talk1": "老板你们这什么煎饼最上镜呀？",
		"talk2": "我觉得是有辣条的煎饼，来一份吧，再加上一点辣酱更完美了。",
		"talk3": "配料有薄脆，辣椒酱，辣条。",
		"finish1": "有点好看，镜头先吃。",
		"finish1Tip": 1.25,
		"finish2": "老板加其他料是想给镜头多一点色彩吗？",
		"finish3": "这料少的不够看啊。",
		"finish4": "这一点也不上镜。",
		"finish5": "今日美食拍摄计划失败。"
	},
	"85": {
		"id": 85,
		"bookId1": 3,
		"talk1": "有没有清淡一些的煎饼？",
		"talk2": "辣椒酱太上火，榴莲味不喜欢。",
		"talk3": "配料有薄脆，烤肉酱。",
		"finish1": "咸淡正好。",
		"finish1Tip": 0.75,
		"finish2": "你怎么给我加了其他料啊。我刚好不喜欢。",
		"finish3": "味道有点淡。",
		"finish4": "有点难看，但能接受。",
		"finish5": "不难吃，味道还行。"
	},
	"86": {
		"id": 86,
		"bookId1": 3,
		"talk1": "Omakase都没这煎饼好吃，师傅来一份原味煎饼。",
		"talk2": "在我看来，烤肉酱是煎饼的灵魂啊。",
		"talk3": "配料有薄脆，烤肉酱。",
		"finish1": "还是煎饼对胃口！",
		"finish1Tip": 0.5,
		"finish2": "你是放配料看走眼了吗。",
		"finish3": "我没遇过像你这样缺斤少两 的商家。",
		"finish4": "这煎饼属实长相奇葩。",
		"finish5": "收回我刚刚的话。"
	},
	"87": {
		"id": 87,
		"bookId1": 3,
		"talk1": "摩西摩西，给我来一份招牌煎饼。",
		"talk2": "我还想加多点烤肉酱，我可太喜欢烤肉味了。",
		"talk3": "配料有薄脆，烤肉酱。",
		"finish1": "真好吃，老板可以教我吗？",
		"finish1Tip": 1,
		"finish2": "我不理解，是我表达不清楚吗？",
		"finish3": "啊嘞，老板你是为了节省材料，故意少放吗？",
		"finish4": "哦莫，这个煎饼有自己的想法。",
		"finish5": "我自己学着做的估计比你好吃。"
	},
	"88": {
		"id": 88,
		"bookId1": 3,
		"talk1": "师傅你们这的烤肉味煎饼，可以办月卡吗？",
		"talk2": "烤肉味那肯定少不了烤肉酱啦。",
		"talk3": "配料有薄脆，烤肉酱。",
		"finish1": "季卡也可以撒？",
		"finish1Tip": 0.75,
		"finish2": "是因为我要办月卡老板才给我加其他料吗？",
		"finish3": "你这缺料缺的我都不敢轻易办卡了。",
		"finish4": "退!退!退,这煎饼好丑。",
		"finish5": "老板，卡我不办了。"
	},
	"89": {
		"id": 89,
		"bookId1": 19,
		"talk1": "阿里嘎多，有没有日式风味煎饼的说话。",
		"talk2": "我就要个魔鬼辣臭豆腐风味的煎饼吧。",
		"talk3": "配料有薄脆，辣椒酱，臭豆腐。",
		"finish1": "比寿司还好吃呀。",
		"finish1Tip": 1.5,
		"finish2": "你怎么还给我加其他料啊？",
		"finish3": "我猜你不舍得放辣椒酱或者是臭豆腐，对吧？",
		"finish4": "你这配料杂乱无章的，算了，能吃就行了。",
		"finish5": "我还是去吃寿司吧。"
	},
	"90": {
		"id": 90,
		"bookId1": 19,
		"talk1": "今天终于找到心仪的工作，买份臭豆腐煎饼豪华一把。",
		"talk2": "臭豆腐可是要辣辣辣才够味。",
		"talk3": "配料有薄脆，辣椒酱，臭豆腐。",
		"finish1": "美好的一天就此开启咯。",
		"finish1Tip": 1.25,
		"finish2": "老板是祝贺我找到工作才给我加料吗？",
		"finish3": "加的太少了，都不够我吃呢。",
		"finish4": "这煎饼长得好硬核。",
		"finish5": "老板，这不太ok啊。"
	},
	"91": {
		"id": 91,
		"bookId1": 8,
		"talk1": "萨瓦迪卡，你能做泰式酸酸煎饼吗？",
		"talk2": "要有甜甜的酱和辣辣的配料。",
		"talk3": "配料有薄脆，榴莲酱，辣条。",
		"finish1": "真香！好吃！",
		"finish1Tip": 1.25,
		"finish2": "好像配料不太对哦。",
		"finish3": "就榴莲酱和辣条也要给我少加，老板好小气。",
		"finish4": "至少有点泰式的感觉了。",
		"finish5": "也还行吧。"
	},
	"92": {
		"id": 92,
		"bookId1": 19,
		"talk1": "今天给外教也带一份煎饼，让他感受下中华美食文化。",
		"talk2": "臭豆腐肯定不能少。",
		"talk3": "配料有薄脆，辣椒酱，臭豆腐。",
		"finish1": "这就是国粹呀。",
		"finish1Tip": 1.5,
		"finish2": "你这料是随便加的吗？",
		"finish3": "你这让我怎么和外教解释中华美食不是这样的。",
		"finish4": "这模样估计会吓到人家。",
		"finish5": "下次换家店好了。"
	},
	"93": {
		"id": 93,
		"bookId1": 7,
		"talk1": "表锅，我今天又lei了！有螺蛳粉味的辣条煎饼吗？",
		"talk2": "螺狮粉味没有的话，辣味也行，因为我喜欢吃辣！",
		"talk3": "配料有薄脆，辣椒酱，辣条。",
		"finish1": "表锅我走啦。",
		"finish1Tip": 1.5,
		"finish2": "表锅，谢谢你给我加料哦。",
		"finish3": "辣味不够啊。",
		"finish4": "这次煎饼怎么没上次那么好看了。",
		"finish5": "我下次来记得做好一点，表锅。"
	},
	"94": {
		"id": 94,
		"bookId1": 7,
		"talk1": "最近有新综艺，我想买一份煎饼回家看女神唱《爱你》。",
		"talk2": "那肯定得是得辣味的煎饼啦。",
		"talk3": "配料有薄脆，辣椒酱，辣条。",
		"finish1": "如果你打了个喷嚏，那一定是煎饼够辣。",
		"finish1Tip": 1,
		"finish2": "你看看你加的是啥？",
		"finish3": "老板你这缺料缺的都不够我看电视。",
		"finish4": "这饼的模样好怪，不耽误我看女神就行。",
		"finish5": "下次要做好看点，老板。"
	},
	"95": {
		"id": 95,
		"bookId1": 10,
		"talk1": "今天给几个海外的客户也带份煎饼，有异国风味的吗？",
		"talk2": "来一份肉松煎饼，肉松要加多点，最后加辣椒酱入入味。",
		"talk3": "配料有薄脆，辣椒酱，肉松。",
		"finish1": "确实很有特色了。",
		"finish1Tip": 1.75,
		"finish2": "你怎么把其他料给加上了，我刚刚都说加什么料了。",
		"finish3": "料那么少，我都不好意思给他们吃了。",
		"finish4": "希望他们不介意这煎饼的样子。",
		"finish5": "不敢再来了，客户估计会被这煎饼吓跑。"
	},
	"96": {
		"id": 96,
		"bookId1": 7,
		"talk1": "好香啊！老板你们这里有什么好吃的煎饼来一份。",
		"talk2": "把你们有的辣味配料都给我整上。",
		"talk3": "配料有薄脆，辣椒酱，辣条。",
		"finish1": "斯哈斯哈，太好吃了。",
		"finish1Tip": 1.25,
		"finish2": "你怎么加了其他配料。",
		"finish3": "我不是说要加辣味的配料吗？",
		"finish4": "我对煎饼的样式有了进一步了解。",
		"finish5": "过几天试试其他口味的煎饼好了。"
	},
	"97": {
		"id": 97,
		"bookId1": 8,
		"talk1": "今天晚上要熬夜工作了，来份煎饼当宵夜吧。",
		"talk2": "要榴莲味的，料要足，给我加多点辣条！",
		"talk3": "配料有薄脆，榴莲酱，辣条。",
		"finish1": "不错，有动力继续冲了。",
		"finish1Tip": 1.5,
		"finish2": "加了其他料也行吧，能吃就行。",
		"finish3": "老板，你不能坑我啊，我下次都不想来了。",
		"finish4": "这个煎饼长得......耗子尾汁。",
		"finish5": "下次换个口味试试。"
	},
	"98": {
		"id": 98,
		"bookId1": 7,
		"talk1": "今晚看livehouse，吃个煎饼补充能量，晚上准备蹦起来。",
		"talk2": "只有辣味才能点燃我的摇滚之心。记得加辣条哦。",
		"talk3": "配料有薄脆，辣椒酱，辣条。",
		"finish1": "燥起来！",
		"finish1Tip": 1,
		"finish2": "这料加错了吧，就像吉他弹错音了一样。",
		"finish3": "那么少的辣味，怎么燥得起来。",
		"finish4": "这煎饼随意得像个艺术品。",
		"finish5": "下次也来吃。"
	},
	"99": {
		"id": 99,
		"bookId1": 8,
		"talk1": "我要励志做刘耕宏女孩！需要一个煎饼果子补充能量。",
		"talk2": "用辣条燃烧我的卡路里，再来点水果味酱料！",
		"talk3": "配料有薄脆，榴莲酱，辣条。",
		"finish1": "有力气锻炼了。",
		"finish1Tip": 1,
		"finish2": "配料的卡路里我都算好了，你怎么加了其他配料啊。",
		"finish3": "老板，你加那么少料，我怎么有力气锻炼啊？",
		"finish4": "欸，能吃就行。",
		"finish5": "等下次刘耕宏出新的锻炼项目了，我还来。"
	},
	"100": {
		"id": 100,
		"bookId1": 8,
		"talk1": "老板来份煎饼，好吃的话会继续智齿你。",
		"talk2": "简简单单来个蘸榴莲酱的辣条煎饼，不要加肉松哦。",
		"talk3": "配料有薄脆，榴莲酱，辣条。",
		"finish1": "好吃，下次还来。",
		"finish1Tip": 1.25,
		"finish2": "还行吧，但是老板是不是听错我的需求了。",
		"finish3": "不是吧，老板怎么加那么少料给我。",
		"finish4": "这个饼长得夺笋呐。",
		"finish5": "啊这，踩雷了。"
	},
	"101": {
		"id": 101,
		"bookId1": 8,
		"talk1": "夏天到了，有好多雪糕刺客，老板你这没有煎饼刺客吧？",
		"talk2": "榴莲在夏季盛产，夏天就是要吃榴莲煎饼。辣条也来点。",
		"talk3": "配料有薄脆，榴莲酱，辣条。",
		"finish1": "瑞斯拜！",
		"finish1Tip": 1,
		"finish2": "老板你是煎饼刺客吧?随便加料的？",
		"finish3": "你这料加的有点少啊，怎么够我吃。",
		"finish4": "这煎饼伤害性不大，侮辱性极强。",
		"finish5": "老板是刚入行不久吗。"
	},
	"102": {
		"id": 102,
		"bookId1": 8,
		"talk1": "下午茶只有咖啡索然无味，所以我来这里买份煎饼。",
		"talk2": "老板，我好馋，给我加点辣条，记得要加酱哦。",
		"talk3": "配料有薄脆，榴莲酱，辣条。",
		"finish1": "针不戳啊！",
		"finish1Tip": 1.5,
		"finish2": "今天下午茶又多了几个配菜。谢谢老板",
		"finish3": "不对啊，我要的配料那么少吗？",
		"finish4": "下次给我做好看点。",
		"finish5": "你觉得你需要去报个煎饼速成班吗？"
	},
	"103": {
		"id": 103,
		"bookId1": 9,
		"talk1": "路过此店，被老板做的煎饼吸引了，我也想点一份。",
		"talk2": "我想加个这个棕色的酱料，再要个辣条。就这样吧。",
		"talk3": "配料有薄脆，烤肉酱，辣条。",
		"finish1": "挺不错的，下次再过来吃。",
		"finish1Tip": 1,
		"finish2": "怎么回事老板，你看看你料加的对吗？",
		"finish3": "老板，看起来不太靠谱啊。",
		"finish4": "这个煎饼不好看，我会很伤心的ok?",
		"finish5": "老板的煎饼尝起来还差点意思。"
	},
	"104": {
		"id": 104,
		"bookId1": 9,
		"talk1": "今天王者新赛季，需要一份煎饼激励一下。",
		"talk2": "辣条那肯定是要的，再来个美味酱料就更好。",
		"talk3": "配料有薄脆，烤肉酱，辣条。",
		"finish1": "本以为是青铜，没想到是个王者。",
		"finish1Tip": 1.5,
		"finish2": "本以为是王者，没想到是个青铜。加料都能给我加错。",
		"finish3": "这个煎饼大漏特漏啊。",
		"finish4": "长得挺下饭的。",
		"finish5": "或许我不该边玩游戏边吃煎饼。"
	},
	"105": {
		"id": 105,
		"bookId1": 9,
		"talk1": "今天要同学聚会，买个煎饼垫垫肚子，晚点还要吃大餐呢。",
		"talk2": "辣条煎饼刚好我吃，或许可以加个烤肉酱。",
		"talk3": "配料有薄脆，烤肉酱，辣条。",
		"finish1": "绝绝子！",
		"finish1Tip": 1.25,
		"finish2": "是烤肉酱变质了还是辣条变质了？",
		"finish3": "行吧，我待会饭吃多点就是了。",
		"finish4": "要求不高，好吃就行。",
		"finish5": "如果我来开店，赚的肯定比你多。"
	},
	"106": {
		"id": 106,
		"bookId1": 9,
		"talk1": "游戏开服第一天，在服务器前参拜饿了，买个煎饼充充饥。",
		"talk2": "不用加太多配料，加点辣条，再蘸点酱料，感觉就差不多了。",
		"talk3": "配料有薄脆，烤肉酱，辣条。",
		"finish1": "煎饼好吃，游戏好玩。",
		"finish1Tip": 1.5,
		"finish2": "这个煎饼老板是随意发挥做出来的吗。",
		"finish3": "一般般吧，味道不是很浓。",
		"finish4": "没事，我玩游戏也不在意煎饼长得怎么样。",
		"finish5": "你坑我吧？"
	},
	"107": {
		"id": 107,
		"bookId1": 9,
		"talk1": "今天去电影院看了煎饼侠，给我看饿了，老板给我来一个煎饼吧。",
		"talk2": "那必须得加辣条了，谁不爱辣条呢。酱料不要加榴莲酱料哦。",
		"talk3": "配料有薄脆，烤肉酱，辣条。",
		"finish1": "好嗨哟，感觉人森达到了巅峰。",
		"finish1Tip": 1,
		"finish2": "老板是怕我太饿，给我加其他料吗。",
		"finish3": "料不够啊，还是好饿。",
		"finish4": "去做不被定义的煎饼吧。",
		"finish5": "煎饼侠做的煎饼应该会好吃。"
	},
	"108": {
		"id": 108,
		"bookId1": 9,
		"talk1": "老板，我要一份高质量煎饼。",
		"talk2": "烤肉辣条谁不爱！",
		"talk3": "配料有薄脆，烤肉酱，辣条。",
		"finish1": "你是我的神！",
		"finish1Tip": 1.25,
		"finish2": "乌鱼子，老板你这煎饼是其他人下的单吗。",
		"finish3": "这算哪门子高质量煎饼，配料都少到家了。",
		"finish4": "这个煎饼模样给我整破防了。",
		"finish5": "老板做煎饼的技术还不够啊。"
	},
	"109": {
		"id": 109,
		"bookId1": 7,
		"talk1": "老板有和火鸡面一样风味的煎饼吗？",
		"talk2": "火鸡面你吃过吧？就是除了辣，还是辣。",
		"talk3": "配料有薄脆，辣椒酱，辣条。",
		"finish1": "很对味！",
		"finish1Tip": 1.5,
		"finish2": "怎么还尝到其他不是辣味的配料呢？",
		"finish3": "这个辣远远不够啊。",
		"finish4": "火鸡面都比这好看。",
		"finish5": "老板是不是没吃过火鸡面？"
	},
	"110": {
		"id": 110,
		"bookId1": 10,
		"talk1": "老板，据说你这里的肉松煎饼很好吃，我特地过来试试。",
		"talk2": "肉松煎饼肯定要有肉松，当然还要加上我喜欢的辣的配料。",
		"talk3": "配料有薄脆，辣椒酱，肉松，辣条。",
		"finish1": "意满离！",
		"finish1Tip": 2,
		"finish2": "我要的煎饼呢？你这放了啥。",
		"finish3": "和他们说的好吃不太符合啊。料是真的少。",
		"finish4": "长得不好看，但是应该算好吃吧......",
		"finish5": "老板应该不擅长做这个口味的吧？"
	},
	"111": {
		"id": 111,
		"bookId1": 10,
		"talk1": "日有所吃，夜有所胖，还有肉松煎饼卖吗，上次吃了觉得很好吃，特地来买。",
		"talk2": "要多点肉松，辣条，酱料和上次一样。总之我爱吃辣。",
		"talk3": "配料有薄脆，辣椒酱，肉松，辣条。",
		"finish1": "还是这个味！",
		"finish1Tip": 1.5,
		"finish2": "怎么味道和之前的不太一样。",
		"finish3": "好像上次的料比较足。",
		"finish4": "罢了，配料随意一点放也没什么。",
		"finish5": "离合格的煎饼大师还差亿点。"
	},
	"112": {
		"id": 112,
		"bookId1": 10,
		"talk1": "昨天股票飘红，吃个煎饼压压惊。",
		"talk2": "想要一份辣味煎饼，最好加多点肉松，因为我太喜欢肉松了。",
		"talk3": "配料有薄脆，辣椒酱，肉松，辣条。",
		"finish1": "这个煎饼一下就撞上了我的心巴！",
		"finish1Tip": 1.75,
		"finish2": "这个辣条肉松煎饼不对味。",
		"finish3": "老板是不是偷工减料。",
		"finish4": "这煎饼让我想起了股票下跌。",
		"finish5": "我怕吃了这个煎饼让我股票大跌。"
	},
	"113": {
		"id": 113,
		"bookId1": 10,
		"talk1": "好朋友昨天向我推荐了这家煎饼店，想尝试一下肉松煎饼。",
		"talk2": "辣条加辣椒可谓是红红火火啊。",
		"talk3": "配料有薄脆，辣椒酱，肉松，辣条。",
		"finish1": "老板，你是我的神！",
		"finish1Tip": 1.5,
		"finish2": "我的超辣肉松煎饼呢？",
		"finish3": "老板你好坑，给那么少。",
		"finish4": "你觉得自己很幽默吗？还是你觉得煎饼就长这样？",
		"finish5": "我还是让我朋友别来买了。"
	},
	"114": {
		"id": 114,
		"bookId1": 10,
		"talk1": "听说老板做的煎饼好吃还好看，不知真的假的。",
		"talk2": "先试一下辣的肉松辣条煎饼。",
		"talk3": "配料有薄脆，辣椒酱，肉松，辣条。",
		"finish1": "果然名不虚传。",
		"finish1Tip": 2,
		"finish2": "这煎饼吃起来不太对。",
		"finish3": "料那么少，怎么可能好吃啊。",
		"finish4": "好看倒没有，花里胡哨就有。",
		"finish5": "也就一般吧。"
	},
	"115": {
		"id": 115,
		"bookId1": 11,
		"talk1": "再好的风景，也不及来这里点一份辣条肉松煎饼。",
		"talk2": "榴莲酱得加多点。",
		"talk3": "配料有薄脆，榴莲酱，肉松，辣条。",
		"finish1": "吃过很多家煎饼，都没有你做的好吃。",
		"finish1Tip": 2,
		"finish2": "你是随便加料的吗？",
		"finish3": "老板是想省配料多做几份吗？",
		"finish4": "就这？一点卖相都没有。",
		"finish5": "煎饼也就那样。"
	},
	"116": {
		"id": 116,
		"bookId1": 11,
		"talk1": "来一份泰式甜辣味的肉松煎饼。",
		"talk2": "当然是甜的酱料，再加上辣条啦，当然肉松可是点睛之笔，其他的随意。",
		"talk3": "配料有薄脆，榴莲酱，肉松，辣条。",
		"finish1": "赶净又尾声兄弟们。",
		"finish1Tip": 1.75,
		"finish2": "这很不符我的口味啊。",
		"finish3": "我在考虑下次来不来。隔壁煎饼摊料加的都比你多。",
		"finish4": "这河里吗？煎饼那么难看。",
		"finish5": "懂得都懂。"
	},
	"117": {
		"id": 117,
		"bookId1": 11,
		"talk1": "煎饼有限，快乐无限。老板我要一份辣条肉松煎饼。",
		"talk2": "用甜味酱中和一下辣味就更好了。",
		"talk3": "配料有薄脆，榴莲酱，肉松，辣条。",
		"finish1": "改天叫上我朋友来买！",
		"finish1Tip": 2,
		"finish2": "你是不是记错食谱了？",
		"finish3": "老板好黑心啊。",
		"finish4": "老板是把做煎饼当涂鸦练手吗？",
		"finish5": "或许换一家煎饼店是一种更好的选择。"
	},
	"118": {
		"id": 118,
		"bookId1": 11,
		"talk1": "昨天被隔壁小孩吃的煎饼馋哭了，今天我也要买一份。",
		"talk2": "要一个很多肉松的，很多辣条的果味煎饼。",
		"talk3": "配料有薄脆，榴莲酱，肉松，辣条。",
		"finish1": "老板技术高超啊。",
		"finish1Tip": 1.75,
		"finish2": "咦？我寻思这料加的也不对吧？",
		"finish3": "料加多一点都不行吗？",
		"finish4": "这煎饼看起来就让人难以下咽。",
		"finish5": "不知道昨天那小孩在哪买的煎饼。"
	},
	"119": {
		"id": 119,
		"bookId1": 11,
		"talk1": "上一次吃煎饼还是上一次，这次我要吃肉松煎饼。",
		"talk2": "加上我最爱的辣条，榴莲酱也不能少。",
		"talk3": "配料有薄脆，榴莲酱，肉松，辣条。",
		"finish1": "这家店真是yyds啊！",
		"finish1Tip": 2,
		"finish2": "味道不对劲。",
		"finish3": "太少啦太少啦！",
		"finish4": "这个煎饼有它自己的想法吧。",
		"finish5": "下次吃煎饼是什么时候呢......"
	},
	"120": {
		"id": 120,
		"bookId1": 11,
		"talk1": "拒绝蕉绿，从榴莲辣条煎饼吃起。",
		"talk2": "红通通的辣条给我来一打，肉松也给我满上。",
		"talk3": "配料有薄脆，榴莲酱，肉松，辣条。",
		"finish1": "太赞了老板！",
		"finish1Tip": 1.5,
		"finish2": "吃完更蕉绿了，怎么随便给我加我不喜欢的料啊。",
		"finish3": "好坑啊，料都不给我加多点。",
		"finish4": "这个煎饼看得我好蕉绿。",
		"finish5": "吃起来还行，真的就还行。"
	},
	"121": {
		"id": 121,
		"bookId1": 11,
		"talk1": "三点钟，喝茶先，当然还少不了煎饼果子。老板来一份辣条肉松煎饼。",
		"talk2": "帮我整豪华点，加多点肉松榴莲酱料。",
		"talk3": "配料有薄脆，榴莲酱，肉松，辣条。",
		"finish1": "美味的煎饼做下午茶针不戳！",
		"finish1Tip": 1.75,
		"finish2": "你加的其他配料也能佐下午茶。",
		"finish3": "不理解了，配料是太贵了吗，老板都不舍得多点给我。",
		"finish4": "这个丑丑的煎饼做下午茶也说得过去。",
		"finish5": "老板，你还是花点功夫研究如何做煎饼吧。"
	},
	"122": {
		"id": 122,
		"bookId1": 12,
		"talk1": "最高兴的莫过于煎饼的料够吃。",
		"talk2": "烤肉酱来几勺，嗯......辣条也要吧，反正就是要加够料。",
		"talk3": "配料有薄脆，烤肉酱，肉松，辣条。",
		"finish1": "猴赛雷啊老板！",
		"finish1Tip": 2,
		"finish2": "不太妙。起码料得给我加对吧？",
		"finish3": "不够，还是加不够。",
		"finish4": "建议老板提升一下放酱料的技术。",
		"finish5": "我觉得不行，就是不行。"
	},
	"123": {
		"id": 123,
		"bookId1": 12,
		"talk1": "今天想点一份没吃过的口味的煎饼。",
		"talk2": "上次试了榴莲酱料，今天试试其他的，要给我辣条，和很多肉松哦！",
		"talk3": "配料有薄脆，烤肉酱，肉松，辣条。",
		"finish1": "下次还来这里吃！",
		"finish1Tip": 1.75,
		"finish2": "口味感觉参杂了点什么。",
		"finish3": "料未免也太少了吧？",
		"finish4": "口味还行，就是卖相不行。",
		"finish5": "我以后还是吃其他口味的吧。"
	},
	"124": {
		"id": 124,
		"bookId1": 12,
		"talk1": "上次吃了老板的煎饼，感觉心情好多了，这次也来个煎饼吧。",
		"talk2": "你忘记了吗，就是辣条肉松煎饼。",
		"talk3": "配料有薄脆，烤肉酱，肉松，辣条。",
		"finish1": "老板手艺不错啊。",
		"finish1Tip": 2,
		"finish2": "还行，你是不是料不够了，随便凑的。",
		"finish3": "只能说你抠抠搜搜的。",
		"finish4": "老板你很有艺术细胞。",
		"finish5": "虽然但是，还是值得来的。"
	},
	"125": {
		"id": 125,
		"bookId1": 12,
		"talk1": "晚上要奋斗写考研练习题，来个煎饼充充饥好了。",
		"talk2": "要一份辣条肉松煎饼。饼里面要涂上一层厚厚的烤肉酱哦。",
		"talk3": "配料有薄脆，烤肉酱，肉松，辣条。",
		"finish1": "这煎饼太绝了。",
		"finish1Tip": 1.5,
		"finish2": "你怎么加了这些料给我？",
		"finish3": "服了，加多一点料很难吗。",
		"finish4": "煎饼有自己的想法，谁也拦不住它。",
		"finish5": "勉强支持一下老板。"
	},
	"126": {
		"id": 126,
		"bookId1": 12,
		"talk1": "今天来吃点不一样的煎饼，辣条肉松煎饼还有吗？",
		"talk2": "一定不要加榴莲，辣酱，海鲜也不要，口味简简单单的就好。",
		"talk3": "配料有薄脆，烤肉酱，肉松，辣条。",
		"finish1": "好好吃啊。",
		"finish1Tip": 1.75,
		"finish2": "配料不太对，但吃起来还可以。",
		"finish3": "下次请给我加多点料好吗。",
		"finish4": "希望老板下次能做好看点。",
		"finish5": "我要求不高，做的还行。"
	},
	"127": {
		"id": 127,
		"bookId1": 12,
		"talk1": "上次吃了老板的煎饼，感觉胃口大增了不少。",
		"talk2": "给我来一份辣条肉松就变就好，多点辣条。",
		"talk3": "配料有薄脆，烤肉酱，肉松，辣条。",
		"finish1": "omg！太好吃了。",
		"finish1Tip": 1.5,
		"finish2": "配料不太对，但也还行。",
		"finish3": "啊？我的料呢。需要我带放大镜看吗？",
		"finish4": "其实味道是不错的，如果有卖相就更好了。",
		"finish5": "我要的烤肉酱呢？"
	},
	"128": {
		"id": 128,
		"bookId1": 12,
		"talk1": "刚运动完回来，好饿好饿，来份煎饼吧！",
		"talk2": "一份辣条肉松煎饼，多来点烤肉酱，这个烤肉酱好香啊。",
		"talk3": "配料有薄脆，烤肉酱，肉松，辣条。",
		"finish1": "我决定以后都来这里吃煎饼。",
		"finish1Tip": 2,
		"finish2": "老板是想饼上添花吗。",
		"finish3": "这煎饼索然无味啊。",
		"finish4": "填饱肚子就好，饼长得丑点没关系。",
		"finish5": "老板也不容易，还是支持一下吧。"
	},
	"129": {
		"id": 129,
		"bookId1": 19,
		"talk1": "给我做一份煎饼吧，晚餐决定只吃臭豆腐煎饼。",
		"talk2": "有面糊上面要加上很入味的臭豆腐哦，我可喜欢臭豆腐了。",
		"talk3": "配料有薄脆，辣椒酱，臭豆腐。",
		"finish1": "又香又酥脆，不错！",
		"finish1Tip": 1,
		"finish2": "加了其他料，吃起来也不错。",
		"finish3": "老板你好坑啊，给的那么少。",
		"finish4": "饼是难看了点，至少晚餐有着落了。",
		"finish5": "老板的炉子修了吗？"
	},
	"130": {
		"id": 130,
		"bookId1": 19,
		"talk1": "健身要搭配健康的饮食，据说老板的煎饼可以瘦身。",
		"talk2": "来一份臭豆腐煎饼，臭豆腐要够入味哦。",
		"talk3": "配料有薄脆，辣椒酱，臭豆腐。",
		"finish1": "哇塞，好赞哦！",
		"finish1Tip": 1.25,
		"finish2": "你加错料了吧？",
		"finish3": "料那么少，就当减个肥好了。",
		"finish4": "这算啥辣椒臭豆腐煎饼。",
		"finish5": "不理解为什么还有人来这里买煎饼。"
	},
	"131": {
		"id": 131,
		"bookId1": 19,
		"talk1": "老板能给我来份，臭豆腐煎饼吗，好久没吃了，有点嘴馋。",
		"talk2": "酱料要记得加上哦。",
		"talk3": "配料有薄脆，辣椒酱，臭豆腐。",
		"finish1": "我要推荐给我亲戚朋友来买。",
		"finish1Tip": 1,
		"finish2": "加了其他料也好吃。",
		"finish3": "这和食堂阿姨一样加那么少。",
		"finish4": "老板要不去学习一下其他老板的煎饼料是怎么摆的。",
		"finish5": "臭豆腐，辣椒酱不翼而飞。"
	},
	"132": {
		"id": 132,
		"bookId1": 19,
		"talk1": "老板给我来一份神奇的超辣臭豆腐煎饼。",
		"talk2": "臭豆腐！要加多点哦。",
		"talk3": "配料有薄脆，辣椒酱，臭豆腐。",
		"finish1": "味道不错呀。",
		"finish1Tip": 1.5,
		"finish2": "好吧，老板我怀你是不是耳背加错料了。",
		"finish3": "我要的臭豆腐，辣椒酱呢，怎么感觉加了等于没加。",
		"finish4": "八十岁的老爷爷手都没你那么抖。",
		"finish5": "你还是向隔壁煎饼店老板学习一下吧。"
	},
	"133": {
		"id": 133,
		"bookId1": 19,
		"talk1": "猜猜我今天想点哪种口味的煎饼。",
		"talk2": "给个提示哦，有又臭又香的配料，还有一个红色的酱料。",
		"talk3": "配料有薄脆，辣椒酱，臭豆腐。",
		"finish1": "太香了，好吃。",
		"finish1Tip": 1.25,
		"finish2": "我要的辣椒酱臭豆腐煎饼呢。",
		"finish3": "食堂阿姨加的菜都比你多。",
		"finish4": "老板，你看起来好像做煎饼的新手。",
		"finish5": "你这样很难赚大钱的。"
	},
	"134": {
		"id": 134,
		"bookId1": 19,
		"talk1": "我被隔壁邻居种草了你这里的臭豆腐煎饼。",
		"talk2": "要够辣才能把臭豆腐煎饼的精髓体现出来。",
		"talk3": "配料有薄脆，辣椒酱，臭豆腐。",
		"finish1": "下次再来光顾！",
		"finish1Tip": 1.5,
		"finish2": "嗯......料不是很对。",
		"finish3": "这个臭豆腐不够臭。",
		"finish4": "这煎饼是老板自己发挥的吗？",
		"finish5": "今天先支持一下老板吧。"
	},
	"135": {
		"id": 135,
		"bookId1": 20,
		"talk1": "好饿啊，恰好路过煎饼店，那我就来点份煎饼吧。",
		"talk2": "榴莲酱料还有吗，如果有帮我加上。",
		"talk3": "配料有薄脆，榴莲酱，臭豆腐。",
		"finish1": "好吃，好吃！",
		"finish1Tip": 1,
		"finish2": "真就自己发挥料随便加了呗。",
		"finish3": "有点清淡。估计料加少了。",
		"finish4": "为什么这煎饼长得和其他差那么多。",
		"finish5": "要致富，先把煎饼做好。"
	},
	"136": {
		"id": 136,
		"bookId1": 20,
		"talk1": "供你吉瓦，今天想来份果味煎饼。",
		"talk2": "嗯......就是给我来一份臭豆腐煎饼，加酱料就好，其他不用加。",
		"talk3": "配料有薄脆，榴莲酱，臭豆腐。",
		"finish1": "做的可以。",
		"finish1Tip": 1.25,
		"finish2": "不对，这料不对。",
		"finish3": "摩多！摩多，我还要更多料。",
		"finish4": "老板学学怎么加配料吧。",
		"finish5": "老板你要用点心啊。"
	},
	"137": {
		"id": 137,
		"bookId1": 20,
		"talk1": "你好啊老板，生意怎么样，我刚好路过，觉得煎饼挺不错的，想买一份。",
		"talk2": "嗯......加个臭豆腐吧，酱料来个能和臭豆腐相匹配的。",
		"talk3": "配料有薄脆，榴莲酱，臭豆腐。",
		"finish1": "好香啊！老板手艺不错。",
		"finish1Tip": 1,
		"finish2": "嗯......怎么说呢，除了料加的不对，还行吧也就。",
		"finish3": "钱也不是你这样赚的啊。",
		"finish4": "还是得支持一下老板的手艺。",
		"finish5": "加油吧，老板。"
	},
	"138": {
		"id": 138,
		"bookId1": 20,
		"talk1": "第一次吃煎饼，老板能来份让我记忆深刻的煎饼吗？",
		"talk2": "我能在煎饼上来点臭豆腐吗，酱料也要记忆深刻的口味。",
		"talk3": "配料有薄脆，榴莲酱，臭豆腐。",
		"finish1": "煎饼原来那么好吃。",
		"finish1Tip": 1.5,
		"finish2": "我承认我不喜欢吃煎饼。味道太奇怪了。",
		"finish3": "偷工减料不是长远之计哦，老板。",
		"finish4": "煎饼原来长这样吗？",
		"finish5": "应该不是所有煎饼都那么不好吃吧？"
	},
	"139": {
		"id": 139,
		"bookId1": 20,
		"talk1": "老板，想来份素食煎饼，但是不要加辣椒酱料。",
		"talk2": "另外要加点臭豆腐，就这些就行。",
		"talk3": "配料有薄脆，榴莲酱，臭豆腐。",
		"finish1": "还是原来的那个味！",
		"finish1Tip": 1.25,
		"finish2": "老板是送我其他配料吗。",
		"finish3": "真的就这么点臭豆腐吗？",
		"finish4": "做煎饼要用点心哦。",
		"finish5": "下次吃点带肉的煎饼。"
	},
	"140": {
		"id": 140,
		"bookId1": 20,
		"talk1": "如果吃煎饼的时候能同时尝到臭豆腐就好了。",
		"talk2": "是我讲的太深奥吗，有榴莲的臭豆腐煎饼。",
		"talk3": "配料有薄脆，榴莲酱，臭豆腐。",
		"finish1": "这是我吃过最棒的煎饼了。",
		"finish1Tip": 1,
		"finish2": "老板记一下菜单再上手吧。",
		"finish3": "但凡好好加料，也不至于少那么多。",
		"finish4": "抛开煎饼的样子不谈，做的还算好吃。",
		"finish5": "老板还是没get到臭豆腐煎饼怎么做好吃。"
	},
	"141": {
		"id": 141,
		"bookId1": 21,
		"talk1": "四方食事，不过一个煎饼果子。",
		"talk2": "肉香味的臭豆腐煎饼比较符合我的胃口。",
		"talk3": "配料有薄脆，烤肉酱，臭豆腐。",
		"finish1": "老板，你太懂我了。",
		"finish1Tip": 1.5,
		"finish2": "不对啊，我只要烤肉味的臭豆腐煎饼啊。",
		"finish3": "肉味少了，臭豆腐味也不足。",
		"finish4": "还可以。就是饼丑了点。",
		"finish5": "民以食为天啊，老板。"
	},
	"142": {
		"id": 142,
		"bookId1": 21,
		"talk1": "美味的煎饼，往往需要几个臭豆腐才能打动我。",
		"talk2": "烤肉酱能让煎饼更好吃。",
		"talk3": "配料有薄脆，烤肉酱，臭豆腐。",
		"finish1": "奈斯！",
		"finish1Tip": 1,
		"finish2": "老板，你可真是好人，其他料都给我加了。",
		"finish3": "服了，能好好加料吗？",
		"finish4": "反正我不挑食，能吃就行。",
		"finish5": "要不是这家煎饼店离我近，我也不会来。"
	},
	"143": {
		"id": 143,
		"bookId1": 21,
		"talk1": "老板来个荤素搭配的煎饼吧，最好有臭豆腐。",
		"talk2": "简单地加一点酱料就可以了。",
		"talk3": "配料有薄脆，烤肉酱，臭豆腐。",
		"finish1": "这就是煎饼！",
		"finish1Tip": 1.25,
		"finish2": "是我表达不清楚吗，老板。",
		"finish3": "栓Q了老板，你这料加的也太少了吧。",
		"finish4": "毕竟是做给客人吃的，总不能那么随便吧？",
		"finish5": "老板你这店铺不会倒闭吧？"
	},
	"144": {
		"id": 144,
		"bookId1": 21,
		"talk1": "老板，来一个吃了就上头的煎饼吧。",
		"talk2": "我不太能吃辣，也不喜欢吃甜食，但是我很喜欢吃臭豆腐！",
		"talk3": "配料有薄脆，烤肉酱，臭豆腐。",
		"finish1": "就是这个煎饼，我下次还来！",
		"finish1Tip": 1.5,
		"finish2": "这煎饼串味了吧？",
		"finish3": "也没有很上头，就是普普通通的煎饼，料不多。",
		"finish4": "煎饼不单单只是加配料。",
		"finish5": "有没有人建议你去学一下煎饼怎么做。"
	},
	"145": {
		"id": 145,
		"bookId1": 21,
		"talk1": "今天又要熬夜了，买份煎饼当夜宵。臭豆腐卖完了吗？",
		"talk2": "没有的话帮我吧烤肉酱给加上吧。就这些了。",
		"talk3": "配料有薄脆，烤肉酱，臭豆腐。",
		"finish1": "好吃，下次还来。",
		"finish1Tip": 1,
		"finish2": "不行啊老板，你这煎饼和我点的不一样。",
		"finish3": "熬夜吃这个应该很快就饿了吧？料都没多少。",
		"finish4": "这配料怎么东一块西一块的。",
		"finish5": "老板你今天是不是心情不好。"
	},
	"146": {
		"id": 146,
		"bookId1": 21,
		"talk1": "今天是煎饼果子疯狂星期四，给我来份臭豆腐煎饼！",
		"talk2": "不喜欢甜食，辣椒也不要，我怕上火。",
		"talk3": "配料有薄脆，烤肉酱，臭豆腐。",
		"finish1": "大满足！",
		"finish1Tip": 1.25,
		"finish2": "咦，是老板突然好心送了我其他料吗。",
		"finish3": "先学着做一个良心商家吧。",
		"finish4": "老板学一下配料怎么加好吗？",
		"finish5": "这也难怪其他煎饼店能做大。"
	},
	"147": {
		"id": 147,
		"bookId1": 21,
		"talk1": "好看的煎饼千篇一律，好吃的煎饼万里挑一。还有臭豆腐煎饼吗？",
		"talk2": "煎得酥脆的面饼上面肯定少不了烤肉酱。",
		"talk3": "配料有薄脆，烤肉酱，臭豆腐。",
		"finish1": "挺厉害的，好吃！",
		"finish1Tip": 1.5,
		"finish2": "老板，做错煎饼了吧？",
		"finish3": "不就臭豆腐和烤肉酱吗？也能少加给我。",
		"finish4": "好吃就行。",
		"finish5": "记得下次要记住客户的需求。"
	},
	"148": {
		"id": 148,
		"bookId1": 21,
		"talk1": "肉香豆腐来一份。",
		"talk2": "就是肉香的豆腐煎饼啊。",
		"talk3": "配料有薄脆，烤肉酱，臭豆腐。",
		"finish1": "太满足了。",
		"finish1Tip": 1,
		"finish2": "我怎么记得我没点这种煎饼？",
		"finish3": "太少啦，都不够我吃。",
		"finish4": "我暂且将就一下煎饼的长相。",
		"finish5": "老板做煎饼时候别忘了看订单，做错了可不好。"
	},
	"149": {
		"id": 149,
		"bookId1": 46,
		"talk1": "据说你们店的芝芝肉松煎饼很好吃。慕名前来。",
		"talk2": "这不是你取的名字吗？怎么会不知道是什么煎饼，记得要放辣椒酱。",
		"talk3": "配料有薄脆，辣椒酱，肉松，芝麻。",
		"finish1": "果然好吃。",
		"finish1Tip": 1.75,
		"finish2": "你是不是加了其他什么料？",
		"finish3": "芝士，肉松有些许少哦。",
		"finish4": "你的料撒的有点随意。",
		"finish5": "勉勉强强，还行。"
	},
	"150": {
		"id": 150,
		"bookId1": 47,
		"talk1": "今天心情很不错，给我来份甜甜的芝芝肉松煎饼。",
		"talk2": "就是芝麻和肉松都加的煎饼。",
		"talk3": "配料有薄脆，榴莲酱，肉松，芝麻。",
		"finish1": "吃完心情更好了。",
		"finish1Tip": 2,
		"finish2": "咦?这个味道......",
		"finish3": "下次给我多加点料哦老板。",
		"finish4": "嗯......也行吧，这煎饼长得也不难看。",
		"finish5": "老板你需要人帮忙做煎饼吗？"
	},
	"151": {
		"id": 151,
		"bookId1": 48,
		"talk1": "今天刚下飞机，肚子饿了，给我来份肉香味的芝芝肉松煎饼。",
		"talk2": "记住是肉香味的！",
		"talk3": "配料有薄脆，烤肉酱，肉松，芝麻。",
		"finish1": "果然，吃完有力气了！",
		"finish1Tip": 1.5,
		"finish2": "老板，你人真好，给我加其他料尝尝鲜。",
		"finish3": "料不够多，好吃是好吃的。",
		"finish4": "太饿了，煎饼好不好看无所谓，能吃就行。",
		"finish5": "老板，你厨艺不太ok哦。"
	},
	"152": {
		"id": 152,
		"bookId1": 49,
		"talk1": "老板，我很喜欢吃你做的豆腐葱葱饼，还有得做吗？",
		"talk2": "豆腐和辣椒更配哦！",
		"talk3": "配料有薄脆，辣椒酱，臭豆腐，葱花。",
		"finish1": "这个臭豆腐不错，很入味。",
		"finish1Tip": 1.75,
		"finish2": "嗯......我怎么吃出了除了辣椒，豆腐，葱花以外的味道?",
		"finish3": "能给我加多点料就好了，我真的很喜欢吃。",
		"finish4": "老板做饼的手法还是那么飘逸。",
		"finish5": "老板，我劝你还是多练练手。"
	},
	"153": {
		"id": 153,
		"bookId1": 50,
		"talk1": "妈妈说多吃葱会变得很聪明。",
		"talk2": "我其实是想要一份榴莲味的豆腐葱葱饼。",
		"talk3": "配料有薄脆，榴莲酱，臭豆腐，葱花。",
		"finish1": "吃完会变得更聪明吧！",
		"finish1Tip": 2,
		"finish2": "这不是我要的榴莲豆腐葱葱饼吧？",
		"finish3": "料好少啊，老板，你是不是少加了什么。",
		"finish4": "老板加料手法是用扔的吗？",
		"finish5": "煎饼离美味还差点。"
	},
	"154": {
		"id": 154,
		"bookId1": 51,
		"talk1": "煎饼摊上一层鸡蛋，抹上肉汁，撒上葱花，再整上薄脆，还有......",
		"talk2": "哦，还有臭豆腐，这可谓是人间美食。",
		"talk3": "配料有薄脆，烤肉酱，臭豆腐，葱花。",
		"finish1": "果然是人间美味。",
		"finish1Tip": 1.75,
		"finish2": "你再仔细回忆一下我要的是什么料？",
		"finish3": "这料少了点，估计要加多点才够味。",
		"finish4": "这料的放法，是老板的特色吗？",
		"finish5": "哎，老板回去多练练吧。"
	},
	"155": {
		"id": 155,
		"bookId1": 52,
		"talk1": "素食煎饼有没有，但是要加香菜。",
		"talk2": "酱料的话就来个辣椒酱好了。",
		"talk3": "配料有薄脆，辣椒酱，香菜。",
		"finish1": "嗯！好吃。",
		"finish1Tip": 1.25,
		"finish2": "我只要香菜和辣椒酱啊，你加了啥。",
		"finish3": "我点的料也不多，你怎么加那么少给我？",
		"finish4": "素食煎饼也能做的那么飘逸，属实厉害。",
		"finish5": "老板，就算是一两个配料，也要用点心做啊。"
	},
	"156": {
		"id": 156,
		"bookId1": 53,
		"talk1": "一份香亲香菜煎饼！",
		"talk2": "有香菜的，有榴莲的！",
		"talk3": "配料有薄脆，榴莲酱，香菜。",
		"finish1": "卡路里充值成功！",
		"finish1Tip": 1,
		"finish2": "这是香亲香菜煎饼吗？真的加对料了吗？",
		"finish3": "榴莲酱，或者香菜给我加多点呗。",
		"finish4": "煎饼长得不行，好吃就行。",
		"finish5": "吃起来一般般。"
	},
	"157": {
		"id": 157,
		"bookId1": 54,
		"talk1": "尝尝老板做的香亲香菜煎饼味道怎么样。",
		"talk2": "煎饼不要太荤，配菜只需要香菜。",
		"talk3": "配料有薄脆，烤肉酱，香菜。",
		"finish1": "好吃，够味。",
		"finish1Tip": 1.5,
		"finish2": "不对味哦。",
		"finish3": "是不是缺料了？",
		"finish4": "味道可以，但这配料七零八落的。",
		"finish5": "老板辛苦了。"
	},
	"158": {
		"id": 158,
		"bookId1": 55,
		"talk1": "美食颇多，恐怕只有煎饼才能将这些时令美味卷下吧？",
		"talk2": "给我做一份吃嘛嘛香饼，另外加个鸡柳，荤素搭配才健康。",
		"talk3": "配料有薄脆，辣椒酱，鸡柳，芝麻，葱花，香菜。",
		"finish1": "真令人垂涎三尺！",
		"finish1Tip": 2,
		"finish2": "加错料没关系，下次记住就好。",
		"finish3": "是我点的料太多，老板记不住吗？",
		"finish4": "煎饼如何放料也是有讲究的呀，你这......",
		"finish5": "煎饼是我的最爱，老板你做的还不够正宗。"
	},
	"159": {
		"id": 159,
		"bookId1": 56,
		"talk1": "来份榴莲味的吃嘛嘛香煎饼。待会边看电影边吃。",
		"talk2": "就是芝麻葱花香菜一起放，鸡柳也要来点。",
		"talk3": "配料有薄脆，榴莲酱，鸡柳，芝麻，葱花，香菜。",
		"finish1": "下次再来吃！",
		"finish1Tip": 2,
		"finish2": "我没表达清楚我要加的是什么吗？",
		"finish3": "加的有点少。",
		"finish4": "电影院那么黑，也看不清煎饼丑不丑。",
		"finish5": "急着去看电影了，能吃就行。"
	},
	"160": {
		"id": 160,
		"bookId1": 57,
		"talk1": "刚刚在散步，不远的地方就闻到老板煎饼摊传来的香气了，这不得来买个尝尝。",
		"talk2": "给我来一份加鸡柳的吃嘛嘛香煎饼。",
		"talk3": "配料有薄脆，烤肉酱，鸡柳，芝麻，葱花，香菜。",
		"finish1": "老板太良心了，会继续光顾哦。",
		"finish1Tip": 1.75,
		"finish2": "料是不是放错了，差点意思。",
		"finish3": "哎，算了，不想和你争论这料加少了。",
		"finish4": "老板，这煎饼长得可真有特色啊。",
		"finish5": "这个香味不会是其他店传来的吧？"
	}
}