{
	"1": {
		"id": 1,
		"name": "辣椒酱",
		"class": 1,
		"put": 1,
		"bookShow": "tujian_jiangliao_lajiaojiang",
		"shopShow": "yuanhua_zhuwanfa_cailiao_jiang2",
		"makeShow": "yuanhua_zhuwanfa_cailiao_jiang3",
		"pizzaShow": "yuanhua_zhuwanfa_cailiao_jiang4",
		"unlockGold": 0,
		"cost": 0.02,
		"refund": 4
	},
	"2": {
		"id": 2,
		"name": "榴莲酱",
		"class": 1,
		"put": 1,
		"bookShow": "tujian_jiangliao_liulianjiang",
		"shopShow": "yuanhua_zhuwanfa_cailiao_liulianjiang2",
		"makeShow": "yuanhua_zhuwanfa_cailiao_liulianjiang3",
		"pizzaShow": "yuanhua_zhuwanfa_cailiao_liulianjiang4",
		"unlockGold": 10,
		"cost": 0.05,
		"refund": 5
	},
	"3": {
		"id": 3,
		"name": "烤肉酱",
		"class": 1,
		"put": 1,
		"bookShow": "tujian_jiangliao_kaoroujiang",
		"shopShow": "yuanhua_zhuwanfa_cailiao_kaoroujiang2",
		"makeShow": "yuanhua_zhuwanfa_cailiao_kaoroujiang3",
		"pizzaShow": "yuanhua_zhuwanfa_cailiao_kaoroujiang4",
		"unlockGold": 20,
		"cost": 0.03,
		"refund": 4
	},
	"4": {
		"id": 4,
		"name": "肉松",
		"class": 2,
		"put": 2,
		"bookShow": "tujian_roulei_rousong",
		"shopShow": "yuanhua_zhuwanfa_cailiao_rousong2",
		"makeShow": "yuanhua_zhuwanfa_cailiao_rousong3",
		"pizzaShow": "yuanhua_zhuwanfa_cailiao_rousong4",
		"unlockGold": 80,
		"cost": 0.11,
		"refund": 3
	},
	"5": {
		"id": 5,
		"name": "鸡柳",
		"class": 2,
		"put": 3,
		"bookShow": "tujian_roulei_jiliu",
		"shopShow": "yuanhua_zhuwanfa_cailiao_jipai2",
		"makeShow": "yuanhua_zhuwanfa_cailiao_jipai3",
		"pizzaShow": "yuanhua_zhuwanfa_cailiao_jipai4",
		"unlockGold": 120,
		"cost": 0.5,
		"refund": 4,
		"tipPER": 0.03
	},
	"6": {
		"id": 6,
		"name": "培根",
		"class": 2,
		"put": 3,
		"bookShow": "tujian_roulei_peigen",
		"shopShow": "yuanhua_zhuwanfa_cailiao_peigen2",
		"makeShow": "yuanhua_zhuwanfa_cailiao_peigen3",
		"pizzaShow": "yuanhua_zhuwanfa_cailiao_peigen4",
		"unlockGold": 180,
		"cost": 1,
		"refund": 5,
		"tipPER": 0.02
	},
	"7": {
		"id": 7,
		"name": "香肠",
		"class": 2,
		"put": 3,
		"bookShow": "tujian_roulei_xiangchang",
		"shopShow": "yuanhua_zhuwanfa_cailiao_xiangchang2",
		"makeShow": "yuanhua_zhuwanfa_cailiao_xiangchang3",
		"pizzaShow": "yuanhua_zhuwanfa_cailiao_xiangchang4",
		"unlockGold": 140,
		"cost": 0.16,
		"refund": 3
	},
	"8": {
		"id": 8,
		"name": "虾仁",
		"class": 2,
		"put": 2,
		"bookShow": "tujian_roulei_xiaren",
		"shopShow": "yuanhua_zhuwanfa_cailiao_xiaren2",
		"makeShow": "yuanhua_zhuwanfa_cailiao_xiaren3",
		"pizzaShow": "yuanhua_zhuwanfa_cailiao_xiaren4",
		"unlockDiamond": 10,
		"cost": 0.5,
		"refund": 6
	},
	"9": {
		"id": 9,
		"name": "鱿鱼",
		"class": 2,
		"put": 2,
		"bookShow": "tujian_roulei_youyu",
		"shopShow": "yuanhua_zhuwanfa_cailiao_youyu2",
		"makeShow": "yuanhua_zhuwanfa_cailiao_youyu3",
		"pizzaShow": "yuanhua_zhuwanfa_cailiao_youyu4",
		"unlockGold": 200,
		"cost": 0.3,
		"refund": 5
	},
	"10": {
		"id": 10,
		"name": "辣条",
		"class": 3,
		"put": 2,
		"bookShow": "tujian_sucai_latiao",
		"shopShow": "yuanhua_zhuwanfa_cailiao_latiao2",
		"makeShow": "yuanhua_zhuwanfa_cailiao_latiao3",
		"pizzaShow": "yuanhua_zhuwanfa_cailiao_latiao4",
		"unlockGold": 60,
		"cost": 0.11,
		"refund": 3,
		"tipPER": 0.02
	},
	"11": {
		"id": 11,
		"name": "生菜",
		"class": 3,
		"put": 3,
		"bookShow": "tujian_sucai_shengcai",
		"shopShow": "yuanhua_zhuwanfa_cailiao_shengcai2",
		"makeShow": "yuanhua_zhuwanfa_cailiao_shengcai3",
		"pizzaShow": "yuanhua_zhuwanfa_cailiao_shengcai4",
		"unlockGold": 160,
		"cost": 0.11,
		"refund": 3,
		"tipPER": 0.03
	},
	"12": {
		"id": 12,
		"name": "韭菜",
		"class": 3,
		"put": 2,
		"bookShow": "tujian_sucai_jiucai",
		"shopShow": "yuanhua_zhuwanfa_cailiao_jiucai2",
		"makeShow": "yuanhua_zhuwanfa_cailiao_jiucai3",
		"pizzaShow": "yuanhua_zhuwanfa_cailiao_jiucai4",
		"unlockGold": 200,
		"cost": 0.11,
		"refund": 4
	},
	"13": {
		"id": 13,
		"name": "土豆丝",
		"class": 3,
		"put": 2,
		"bookShow": "tujian_sucai_tudousi",
		"shopShow": "yuanhua_zhuwanfa_cailiao_tudou2",
		"makeShow": "yuanhua_zhuwanfa_cailiao_tudou3",
		"pizzaShow": "yuanhua_zhuwanfa_cailiao_tudou4",
		"unlockGold": 200,
		"cost": 0.11,
		"refund": 4
	},
	"14": {
		"id": 14,
		"name": "臭豆腐",
		"class": 3,
		"put": 2,
		"bookShow": "tujian_sucai_choudoufu",
		"shopShow": "yuanhua_zhuwanfa_cailiao_choudoufu2",
		"makeShow": "yuanhua_zhuwanfa_cailiao_choudoufu3",
		"pizzaShow": "yuanhua_zhuwanfa_cailiao_choudoufu4",
		"unlockGold": 50,
		"cost": 0.11,
		"refund": 3
	},
	"15": {
		"id": 15,
		"name": "芒果",
		"class": 4,
		"put": 2,
		"bookShow": "tujian_shuiguo_mangguo",
		"shopShow": "yuanhua_zhuwanfa_cailiao_mangguo2",
		"makeShow": "yuanhua_zhuwanfa_cailiao_mangguo3",
		"pizzaShow": "yuanhua_zhuwanfa_cailiao_mangguo4",
		"unlockDiamond": 30,
		"cost": 0.3,
		"refund": 5
	},
	"16": {
		"id": 16,
		"name": "海带丝",
		"class": 4,
		"put": 2,
		"bookShow": "tujian_shuiguo_haidaisi",
		"shopShow": "yuanhua_zhuwanfa_cailiao_haidaisi2",
		"makeShow": "yuanhua_zhuwanfa_cailiao_haidaisi3",
		"pizzaShow": "yuanhua_zhuwanfa_cailiao_haidaisi4",
		"unlockGold": 120,
		"cost": 0.11,
		"refund": 3
	},
	"17": {
		"id": 17,
		"name": "紫菜",
		"class": 4,
		"put": 2,
		"bookShow": "tujian_shuiguo_zicai",
		"shopShow": "yuanhua_zhuwanfa_cailiao_zicaii2",
		"makeShow": "yuanhua_zhuwanfa_cailiao_zicaii3",
		"pizzaShow": "yuanhua_zhuwanfa_cailiao_zicaii4",
		"unlockGold": 200,
		"cost": 0.11,
		"refund": 3,
		"tipPER": 0.03
	},
	"18": {
		"id": 18,
		"name": "芝麻",
		"class": 5,
		"put": 2,
		"bookShow": "tujian_qita_zima",
		"shopShow": "yuanhua_zhuwanfa_cailiao_zhima2",
		"makeShow": "yuanhua_zhuwanfa_cailiao_zhima3",
		"pizzaShow": "yuanhua_zhuwanfa_cailiao_zhima4",
		"unlockGold": 100,
		"cost": 0.05,
		"refund": 3
	},
	"19": {
		"id": 19,
		"name": "葱花",
		"class": 5,
		"put": 2,
		"bookShow": "tujian_qita_conghua",
		"shopShow": "yuanhua_zhuwanfa_cailiao_conghua2",
		"makeShow": "yuanhua_zhuwanfa_cailiao_conghua3",
		"pizzaShow": "yuanhua_zhuwanfa_cailiao_conghua4",
		"unlockGold": 100,
		"cost": 0.05,
		"refund": 3
	},
	"20": {
		"id": 20,
		"name": "香菜",
		"class": 5,
		"put": 2,
		"bookShow": "tujian_qita_xiangcai",
		"shopShow": "yuanhua_zhuwanfa_cailiao_xiangcai2",
		"makeShow": "yuanhua_zhuwanfa_cailiao_xiangcai3",
		"pizzaShow": "yuanhua_zhuwanfa_cailiao_xiangcai4",
		"unlockGold": 100,
		"cost": 0.05,
		"refund": 3
	}
}