{
	"1": {
		"id": 1,
		"dialog0": "你知道我最不缺的是什么吗？",
		"reply0_1": "钱",
		"reply0_2": "爱",
		"dialog1_1": "猜对了，我最不缺的就是钱,\n我这里有$gold和$diamond给你当作报酬。",
		"dialog1_2": "世界确实需要多一点爱。我这里有$gold和$diamond你需要吗？",
		"gold1": 10,
		"diamond1": 8,
		"gold2": 18,
		"diamond2": 5,
		"dialog2_1": "你真懂我，$gold和$diamond都给你。",
		"dialog2_2": "白给都不要吗？",
		"dialog3_1": "你应该是个有爱心的人，我决定把$gold和$diamond都给你。",
		"dialog3_2": "希望老板能做个有爱心的人。",
		"reply1_1": "好",
		"reply2_1": "好",
		"reply1_2": "算了",
		"reply2_2": "算了"
	},
	"2": {
		"id": 2,
		"dialog0": "你想知道怎么样才能成为煎饼侠吗？",
		"reply0_1": "想",
		"reply0_2": "不想",
		"dialog1_1": "很简单，只要煎饼做的好吃，你就是每个人心目中的煎饼侠。我决定把$gold和$diamond给你。",
		"dialog1_2": "或许有一天你能悟出这个道理。不过我仍然有$gold和$diamond想赞助你。",
		"gold1": 14,
		"diamond1": 7,
		"gold2": 12,
		"diamond2": 5,
		"dialog2_1": "$gold和$diamond在这，拿去吧。",
		"dialog2_2": "下次来，你可能会改变主意。",
		"dialog3_1": "$gold和$diamond是你的了。我刚刚说的话你仔细想想吧。",
		"dialog3_2": "我相信你有一天会懂的。",
		"reply1_1": "好",
		"reply2_1": "好",
		"reply1_2": "算了",
		"reply2_2": "算了"
	},
	"3": {
		"id": 3,
		"dialog0": "你说向日葵是怎么熬过没有太阳的夜晚。",
		"reply0_1": "嗑瓜子",
		"reply0_2": "休眠",
		"dialog1_1": "哈哈，你和我想的一样，伙计，作为奖励，$gold给你吧。",
		"dialog1_2": "或许向日葵也会睡觉吧，谁知道呢，先送你$gold吧。",
		"gold1": 15,
		"diamond1": 0,
		"gold2": 15,
		"diamond2": 0,
		"dialog2_1": "把这$gold拿走吧，我很赏识你。",
		"dialog2_2": "不管怎么说，我们的想法很像。",
		"dialog3_1": "或许我该去问一下生物老师，$gold你先收下。",
		"dialog3_2": "或许我的问题你不感兴趣，没关系伙计，有缘再会。",
		"reply1_1": "好",
		"reply2_1": "好",
		"reply1_2": "算了",
		"reply2_2": "算了"
	},
	"4": {
		"id": 4,
		"dialog0": "如果你破产了，你会重新开始吗？",
		"reply0_1": "会",
		"reply0_2": "不会",
		"dialog1_1": "我佩服你的勇气，$gold作为你的奖励吧。",
		"dialog1_2": "或许你有更好的决策。我觉得你可能需要这$gold。",
		"gold1": 20,
		"diamond1": 0,
		"gold2": 20,
		"diamond2": 0,
		"dialog2_1": "这$gold收下吧。",
		"dialog2_2": "时刻记住自己的规划。",
		"dialog3_1": "不管结局如何，你能坚持自己\n做煎饼的初心，我很佩服，$gold送你了。",
		"dialog3_2": "行吧，下次见。",
		"reply1_1": "好",
		"reply2_1": "好",
		"reply1_2": "算了",
		"reply2_2": "算了"
	},
	"5": {
		"id": 5,
		"dialog0": "任何人都可以成为英雄，即使他做的只是一个好吃的煎饼。你明白我在说什么吗？",
		"reply0_1": "明白",
		"reply0_2": "不明白",
		"dialog1_1": "你以后一定是好老板，我用$diamond做担保。",
		"dialog1_2": "你以后会明白的。但还是想给你$diamond。",
		"gold1": 0,
		"diamond1": 12,
		"gold2": 0,
		"diamond2": 8,
		"dialog2_1": "这才是好的煎饼店老板，为了感谢你，就给你$diamond了。",
		"dialog2_2": "什么，不想要吗？",
		"dialog3_1": "希望老板能获得更多顾客。这\n$diamond用来激励你前进。",
		"dialog3_2": "好吧，或许以后\n有机会再见。",
		"reply1_1": "好",
		"reply2_1": "好",
		"reply1_2": "算了",
		"reply2_2": "算了"
	},
	"6": {
		"id": 6,
		"dialog0": "前几天一个年轻人问我的有什么能力，呵呵...我笑了。",
		"reply0_1": "钞能力",
		"reply0_2": "不明白",
		"dialog1_1": "果然是慧眼识珠，$gold作为你的奖励。",
		"dialog1_2": "我给你$diamond，你再好好想想。",
		"gold1": 20,
		"diamond1": 0,
		"gold2": 0,
		"diamond2": 8,
		"dialog2_1": "今个儿高兴，就把$gold给你了。",
		"dialog2_2": "什么，不想要吗？",
		"dialog3_1": "希望老板能获得更多顾客。这\n$diamond用来激励你前进。",
		"dialog3_2": "好吧，或许以后\n有机会再见。",
		"reply1_1": "好",
		"reply2_1": "好",
		"reply1_2": "算了",
		"reply2_2": "算了"
	},
	"7": {
		"id": 7,
		"dialog0": "你觉得蝙蝠和蜘蛛，哪个更可爱呢？",
		"reply0_1": "蝙蝠",
		"reply0_2": "蜘蛛",
		"dialog1_1": "哈哈哈哈，$diamond拿去随便花！",
		"dialog1_2": "我给你$diamond，你再好好想想。",
		"gold1": 0,
		"diamond1": 12,
		"gold2": 0,
		"diamond2": 8,
		"dialog2_1": "记得继续支持蝙蝠哦！$diamond收好了。",
		"dialog2_2": "什么，不想要吗？",
		"dialog3_1": "下次再来拜访希望听到不同的答复哦，\n$diamond收好吧。",
		"dialog3_2": "好吧，或许以后\n有机会再见。",
		"reply1_1": "好",
		"reply2_1": "好",
		"reply1_2": "算了",
		"reply2_2": "算了"
	}
}